student_number,name,gender,age,department_code,semester,academic_year,attendance_percentage,previous_cgpa,mid_1,mid_2,internal_marks,backlogs,semester_cgpa,grade,risk_level,academic_average,attendance_risk_score,attendance_risk_category,internal_average,mid_term_average,backlog_severity_score,backlog_severity_category,previous_cgpa_trend,academic_stability
2023it001,Rahul Singireddy,MALE,18,IT,1,2020-2021,97.0,8.34,89.18,93.9,97.43,0,8.71,A+,LOW,93.5,0.0,NORMAL,0.9743,91.54,0.0,NONE,0.0,0.0
2023it001,Rahul Singireddy,MALE,18,IT,2,2020-2021,94.46,8.71,99.68,94.81,87.47,0,9.07,O,LOW,93.99,0.0,NORMAL,0.8747,97.24,0.0,NONE,0.37,0.0
2023it001,Rahul Singireddy,MALE,19,IT,3,2021-2022,93.93,8.89,87.6,91.85,80.25,0,8.43,A+,LOW,86.57,0.0,NORMAL,0.8025,89.72,0.0,NONE,0.18,0.2804
2023it001,Rahul Singireddy,MALE,19,IT,4,2021-2022,93.92,8.74,84.51,92.47,85.28,0,8.45,A+,LOW,87.42,0.0,NORMAL,0.8528,88.49,0.0,NONE,-0.15,0.2337
2023cs002,Aditya Chopra,MALE,20,CS,1,2020-2021,99.14,8.48,88.37,90.13,82.69,0,8.44,A+,LOW,87.06,0.0,NORMAL,0.8269,89.25,0.0,NONE,0.0,0.0
2023cs002,Aditya Chopra,MALE,20,CS,2,2020-2021,93.55,8.44,82.73,91.89,86.81,0,8.49,A+,LOW,87.14,0.0,NORMAL,0.8681,87.31,0.0,NONE,-0.04,0.0
2023cs002,Aditya Chopra,MALE,21,CS,3,2021-2022,90.53,8.46,100.0,89.47,84.52,0,8.87,A+,LOW,91.33,0.0,NORMAL,0.8452,94.74,0.0,NONE,0.02,0.02
2023cs002,Aditya Chopra,MALE,21,CS,4,2021-2022,87.89,8.6,90.72,77.71,83.17,0,8.55,A+,LOW,83.87,0.0,NORMAL,0.8317,84.22,0.0,NONE,0.14,0.0719
2023cs002,Aditya Chopra,MALE,22,CS,5,2022-2023,95.56,8.59,90.41,88.69,88.3,0,8.42,A+,LOW,89.13,0.0,NORMAL,0.883,89.55,0.0,NONE,-0.01,0.0754
2023cs002,Aditya Chopra,MALE,22,CS,6,2022-2023,89.55,8.55,86.54,95.64,91.53,0,8.43,A+,LOW,91.24,0.0,NORMAL,0.9153,91.09,0.0,NONE,-0.04,0.069
2023cs002,Aditya Chopra,MALE,23,CS,7,2023-2024,93.56,8.53,86.91,85.15,92.87,0,8.87,A+,LOW,88.31,0.0,NORMAL,0.9287,86.03,0.0,NONE,-0.02,0.0631
2023cs002,Aditya Chopra,MALE,23,CS,8,2023-2024,95.82,8.58,84.1,87.28,91.47,0,8.86,A+,LOW,87.62,0.0,NORMAL,0.9147,85.69,0.0,NONE,0.05,0.062
2023mech003,Ananya Reddy,FEMALE,20,MECH,1,2020-2021,75.52,7.19,78.76,73.23,74.29,0,7.49,A,LOW,75.43,0.0,NORMAL,0.7429,76.0,0.0,NONE,0.0,0.0
2023mech003,Ananya Reddy,FEMALE,20,MECH,2,2020-2021,82.06,7.49,79.04,85.5,82.08,1,7.4,A,LOW,82.21,0.0,NORMAL,0.8208,82.27,0.2,MODERATE,0.3,0.0
2023mech003,Ananya Reddy,FEMALE,21,MECH,3,2021-2022,77.29,7.45,88.3,78.86,88.09,0,7.36,A,LOW,85.08,0.0,NORMAL,0.8809,83.58,0.0,NONE,-0.04,0.1629
2023mech003,Ananya Reddy,FEMALE,21,MECH,4,2021-2022,78.33,7.42,79.2,76.88,80.73,1,6.97,B,MEDIUM,78.94,0.0,NORMAL,0.8073,78.04,0.2,MODERATE,-0.03,0.1348
2023mech003,Ananya Reddy,FEMALE,22,MECH,5,2022-2023,73.37,7.3,80.42,87.15,77.68,0,7.47,A,LOW,81.75,0.0217,AT_RISK,0.7768,83.78,0.0,NONE,-0.12,0.1231
2023mech003,Ananya Reddy,FEMALE,22,MECH,6,2022-2023,71.45,7.34,83.38,79.86,77.62,0,7.71,A,LOW,80.29,0.0473,AT_RISK,0.7762,81.62,0.0,NONE,0.04,0.1108
2023mech003,Ananya Reddy,FEMALE,23,MECH,7,2023-2024,73.05,7.4,83.3,73.27,78.63,2,7.0,A,LOW,78.4,0.026,AT_RISK,0.7863,78.28,0.4,MODERATE,0.06,0.102
2023ai004,Rahul Deshmukh,MALE,20,AI,1,2020-2021,47.03,5.54,42.49,42.28,41.42,4,3.96,C,HIGH,42.06,0.3729,CRITICAL,0.4142,42.39,0.8,SEVERE,0.0,0.0
2023ai004,Rahul Deshmukh,MALE,20,AI,2,2020-2021,45.88,3.96,37.52,37.99,37.38,3,3.1,C,HIGH,37.63,0.3883,CRITICAL,0.3738,37.76,0.6,SEVERE,-1.58,0.0
2023ai004,Rahul Deshmukh,MALE,21,AI,3,2021-2022,51.81,3.53,50.69,40.42,42.68,3,3.13,C,HIGH,44.6,0.3092,CRITICAL,0.4268,45.56,0.6,SEVERE,-0.43,1.0584
2023ai004,Rahul Deshmukh,MALE,21,AI,4,2021-2022,41.17,3.4,38.54,39.06,53.71,1,3.54,C,HIGH,43.77,0.4511,CRITICAL,0.5371,38.8,0.2,MODERATE,-0.13,0.9845
2023ai004,Rahul Deshmukh,MALE,22,AI,5,2022-2023,48.7,3.43,37.82,31.01,47.11,1,3.54,C,HIGH,38.65,0.3507,CRITICAL,0.4711,34.42,0.2,MODERATE,0.03,0.9049
2023ai004,Rahul Deshmukh,MALE,22,AI,6,2022-2023,49.31,3.45,31.89,45.77,34.38,2,3.17,C,HIGH,37.35,0.3425,CRITICAL,0.3438,38.83,0.4,MODERATE,0.02,0.8369
2023ece005,Aditya Deshmukh,MALE,19,ECE,1,2020-2021,76.9,6.39,57.79,60.34,63.2,0,6.16,B,MEDIUM,60.44,0.0,NORMAL,0.632,59.06,0.0,NONE,0.0,0.0
2023ece005,Aditya Deshmukh,MALE,19,ECE,2,2020-2021,64.0,6.16,65.18,58.39,65.07,1,5.79,C,HIGH,62.88,0.1467,CRITICAL,0.6507,61.78,0.2,MODERATE,-0.23,0.0
2023ece005,Aditya Deshmukh,MALE,20,ECE,3,2021-2022,78.48,5.97,61.1,63.87,66.77,2,5.4,C,HIGH,63.91,0.0,NORMAL,0.6677,62.48,0.4,MODERATE,-0.19,0.2103
2023ece005,Aditya Deshmukh,MALE,20,ECE,4,2021-2022,75.25,5.78,74.68,57.19,63.62,0,6.12,B,MEDIUM,65.16,0.0,NORMAL,0.6362,65.94,0.0,NONE,-0.19,0.2611
2023ece005,Aditya Deshmukh,MALE,21,ECE,5,2022-2023,79.54,5.87,60.45,59.95,65.31,0,6.07,B,MEDIUM,61.9,0.0,NORMAL,0.6531,60.2,0.0,NONE,0.09,0.244
2023civil006,Ananya Singireddy,FEMALE,18,CIVIL,1,2020-2021,69.13,6.02,71.41,65.25,69.42,0,6.42,B,MEDIUM,68.69,0.0783,AT_RISK,0.6942,68.33,0.0,NONE,0.0,0.0
2023civil006,Ananya Singireddy,FEMALE,18,CIVIL,2,2020-2021,67.4,6.42,81.59,73.24,62.31,0,6.84,B,MEDIUM,72.38,0.1013,AT_RISK,0.6231,77.41,0.0,NONE,0.4,0.0
2023civil006,Ananya Singireddy,FEMALE,19,CIVIL,3,2021-2022,68.5,6.63,76.19,78.42,64.16,1,6.8,B,MEDIUM,72.92,0.0867,AT_RISK,0.6416,77.31,0.2,MODERATE,0.21,0.3099
2023civil006,Ananya Singireddy,FEMALE,19,CIVIL,4,2021-2022,76.18,6.69,77.46,83.91,67.04,0,6.87,B,MEDIUM,76.14,0.0,NORMAL,0.6704,80.68,0.0,NONE,0.06,0.303
2023civil006,Ananya Singireddy,FEMALE,20,CIVIL,5,2022-2023,73.11,6.73,68.7,73.14,69.97,0,6.91,B,MEDIUM,70.6,0.0252,AT_RISK,0.6997,70.92,0.0,NONE,0.04,0.2927
2023civil006,Ananya Singireddy,FEMALE,20,CIVIL,6,2022-2023,82.11,6.77,74.74,83.39,66.94,0,7.57,A,LOW,75.02,0.0,NORMAL,0.6694,79.06,0.0,NONE,0.04,0.2844
2023mech007,Meera Gupta,FEMALE,19,MECH,1,2020-2021,80.09,8.2,69.98,68.7,77.28,0,7.78,A,LOW,71.99,0.0,NORMAL,0.7728,69.34,0.0,NONE,0.0,0.0
2023mech007,Meera Gupta,FEMALE,19,MECH,2,2020-2021,80.95,7.78,78.22,74.94,70.64,0,7.33,A,LOW,74.6,0.0,NORMAL,0.7064,76.58,0.0,NONE,-0.42,0.0
2023mech007,Meera Gupta,FEMALE,20,MECH,3,2021-2022,76.82,7.55,80.78,76.92,68.64,0,7.56,A,LOW,75.45,0.0,NORMAL,0.6864,78.85,0.0,NONE,-0.23,0.3296
2023mech007,Meera Gupta,FEMALE,20,MECH,4,2021-2022,80.66,7.56,70.59,76.82,75.16,0,7.28,A,LOW,74.19,0.0,NORMAL,0.7516,73.7,0.0,NONE,0.01,0.3041
2023ece008,Meera Gupta,FEMALE,18,ECE,1,2020-2021,83.56,7.63,73.45,76.58,75.3,0,7.31,A,LOW,75.11,0.0,NORMAL,0.753,75.02,0.0,NONE,0.0,0.0
2023ece008,Meera Gupta,FEMALE,18,ECE,2,2020-2021,78.48,7.31,73.22,73.22,72.6,0,8.08,A+,LOW,73.01,0.0,NORMAL,0.726,73.22,0.0,NONE,-0.32,0.0
2023ece008,Meera Gupta,FEMALE,19,ECE,3,2021-2022,84.62,7.7,77.0,75.91,73.29,0,7.56,A,LOW,75.4,0.0,NORMAL,0.7329,76.46,0.0,NONE,0.39,0.2079
2023ece008,Meera Gupta,FEMALE,19,ECE,4,2021-2022,85.48,7.65,65.6,68.82,67.6,0,7.3,A,LOW,67.34,0.0,NORMAL,0.676,67.21,0.0,NONE,-0.05,0.1775
2023it009,Tanvi Patel,FEMALE,20,IT,1,2020-2021,87.08,7.21,54.08,69.4,57.0,2,6.13,B,MEDIUM,60.16,0.0,NORMAL,0.57,61.74,0.4,MODERATE,0.0,0.0
2023it009,Tanvi Patel,FEMALE,20,IT,2,2020-2021,82.62,6.13,65.89,59.04,61.49,1,6.05,B,MEDIUM,62.14,0.0,NORMAL,0.6149,62.46,0.2,MODERATE,-1.08,0.0
2023it009,Tanvi Patel,FEMALE,21,IT,3,2021-2022,75.78,6.09,67.03,66.0,61.81,0,6.67,B,MEDIUM,64.95,0.0,NORMAL,0.6181,66.52,0.0,NONE,-0.04,0.6354
2023it009,Tanvi Patel,FEMALE,21,IT,4,2021-2022,81.68,6.28,53.8,67.07,61.76,0,6.38,B,MEDIUM,60.88,0.0,NORMAL,0.6176,60.43,0.0,NONE,0.19,0.528
2023it009,Tanvi Patel,FEMALE,22,IT,5,2022-2023,76.42,6.31,65.49,69.21,69.39,0,6.27,B,MEDIUM,68.03,0.0,NORMAL,0.6939,67.35,0.0,NONE,0.03,0.4603
2023it009,Tanvi Patel,FEMALE,22,IT,6,2022-2023,78.7,6.3,63.55,62.48,73.89,1,6.31,B,MEDIUM,66.64,0.0,NORMAL,0.7389,63.02,0.2,MODERATE,-0.01,0.4139
2023eee010,Vikram Chopra,MALE,20,EEE,1,2020-2021,53.61,5.9,46.7,53.92,47.4,1,4.95,C,HIGH,49.34,0.2852,CRITICAL,0.474,50.31,0.2,MODERATE,0.0,0.0
2023eee010,Vikram Chopra,MALE,20,EEE,2,2020-2021,54.63,4.95,47.75,35.9,44.46,1,4.59,C,HIGH,42.7,0.2716,CRITICAL,0.4446,41.82,0.2,MODERATE,-0.95,0.0
2023eee010,Vikram Chopra,MALE,21,EEE,3,2021-2022,50.76,4.77,38.74,19.65,37.12,1,3.86,C,HIGH,31.84,0.3232,CRITICAL,0.3712,29.2,0.2,MODERATE,-0.18,0.6072
2023eee010,Vikram Chopra,MALE,21,EEE,4,2021-2022,47.39,4.47,47.85,29.47,40.04,0,4.28,C,HIGH,39.12,0.3681,CRITICAL,0.4004,38.66,0.0,NONE,-0.3,0.6176
2023eee010,Vikram Chopra,MALE,22,EEE,5,2022-2023,56.05,4.42,28.39,43.98,42.29,2,3.5,C,HIGH,38.22,0.2527,CRITICAL,0.4229,36.18,0.4,MODERATE,-0.05,0.5989
2023eee010,Vikram Chopra,MALE,22,EEE,6,2022-2023,50.04,4.24,37.15,32.36,42.59,2,3.48,C,HIGH,37.37,0.3328,CRITICAL,0.4259,34.75,0.4,MODERATE,-0.18,0.6
2023ece011,Nikhil Chopra,MALE,18,ECE,1,2020-2021,81.88,8.02,73.25,78.79,63.05,0,8.07,A+,LOW,71.7,0.0,NORMAL,0.6305,76.02,0.0,NONE,0.0,0.0
2023ece011,Nikhil Chopra,MALE,18,ECE,2,2020-2021,73.7,8.07,68.4,72.84,70.64,0,7.54,A,LOW,70.63,0.0173,AT_RISK,0.7064,70.62,0.0,NONE,0.05,0.0
2023ece011,Nikhil Chopra,MALE,19,ECE,3,2021-2022,80.75,7.8,66.4,65.82,73.48,0,7.51,A,LOW,68.57,0.0,NORMAL,0.7348,66.11,0.0,NONE,-0.27,0.1436
2023ece011,Nikhil Chopra,MALE,19,ECE,4,2021-2022,78.89,7.71,74.79,71.24,73.3,0,7.68,A,LOW,73.11,0.0,NORMAL,0.733,73.02,0.0,NONE,-0.09,0.1726
2023ece011,Nikhil Chopra,MALE,20,ECE,5,2022-2023,78.42,7.7,66.07,73.92,72.29,0,7.45,A,LOW,70.76,0.0,NORMAL,0.7229,70.0,0.0,NONE,-0.01,0.1742
2023mech012,Karthik Iyer,MALE,20,MECH,1,2020-2021,76.54,7.15,73.14,61.93,68.16,0,6.96,B,MEDIUM,67.74,0.0,NORMAL,0.6816,67.54,0.0,NONE,0.0,0.0
2023mech012,Karthik Iyer,MALE,20,MECH,2,2020-2021,75.31,6.96,72.12,70.48,69.49,0,7.26,A,LOW,70.7,0.0,NORMAL,0.6949,71.3,0.0,NONE,-0.19,0.0
2023mech012,Karthik Iyer,MALE,21,MECH,3,2021-2022,76.37,7.11,69.67,63.72,67.04,0,6.91,B,MEDIUM,66.81,0.0,NORMAL,0.6704,66.69,0.0,NONE,0.15,0.1002
2023mech012,Karthik Iyer,MALE,21,MECH,4,2021-2022,76.78,7.04,69.21,60.73,75.88,0,6.8,B,MEDIUM,68.61,0.0,NORMAL,0.7588,64.97,0.0,NONE,-0.07,0.0835
2023mech012,Karthik Iyer,MALE,22,MECH,5,2022-2023,71.64,6.98,72.64,70.44,68.54,1,6.88,B,MEDIUM,70.54,0.0448,AT_RISK,0.6854,71.54,0.2,MODERATE,-0.06,0.0817
2023mech012,Karthik Iyer,MALE,22,MECH,6,2022-2023,76.56,6.96,60.36,66.2,62.03,1,6.63,B,MEDIUM,62.86,0.0,NORMAL,0.6203,63.28,0.2,MODERATE,-0.02,0.0814
2023mech012,Karthik Iyer,MALE,23,MECH,7,2023-2024,76.13,6.91,60.85,63.87,67.49,0,6.61,B,MEDIUM,64.07,0.0,NORMAL,0.6749,62.36,0.0,NONE,-0.05,0.0877
2023mech012,Karthik Iyer,MALE,23,MECH,8,2023-2024,73.53,6.86,67.31,67.32,62.89,0,6.64,B,MEDIUM,65.84,0.0196,AT_RISK,0.6289,67.32,0.0,NONE,-0.05,0.0981
2023ds013,Vikram Gupta,MALE,20,DS,1,2020-2021,87.23,7.9,59.72,59.96,65.22,0,7.18,A,LOW,61.63,0.0,NORMAL,0.6522,59.84,0.0,NONE,0.0,0.0
2023ds013,Vikram Gupta,MALE,20,DS,2,2020-2021,86.74,7.18,76.85,73.15,68.01,0,7.19,A,LOW,72.67,0.0,NORMAL,0.6801,75.0,0.0,NONE,-0.72,0.0
2023ds013,Vikram Gupta,MALE,21,DS,3,2021-2022,80.68,7.19,67.49,65.87,70.42,0,6.88,B,MEDIUM,67.93,0.0,NORMAL,0.7042,66.68,0.0,NONE,0.01,0.4128
2023ds013,Vikram Gupta,MALE,21,DS,4,2021-2022,85.97,7.08,76.39,66.54,70.82,0,7.23,A,LOW,71.25,0.0,NORMAL,0.7082,71.46,0.0,NONE,-0.11,0.3783
2023ds013,Vikram Gupta,MALE,22,DS,5,2022-2023,81.48,7.12,68.14,66.87,69.3,0,6.85,B,MEDIUM,68.1,0.0,NORMAL,0.693,67.5,0.0,NONE,0.04,0.3417
2023ds013,Vikram Gupta,MALE,22,DS,6,2022-2023,82.37,7.07,69.38,75.1,73.6,0,7.58,A,LOW,72.69,0.0,NORMAL,0.736,72.24,0.0,NONE,-0.05,0.319
2023ds013,Vikram Gupta,MALE,23,DS,7,2023-2024,78.4,7.15,71.22,67.09,79.76,0,7.06,A,LOW,72.69,0.0,NORMAL,0.7976,69.16,0.0,NONE,0.08,0.294
2023civil014,Nikhil Sharma,MALE,20,CIVIL,1,2020-2021,73.15,7.7,76.27,67.12,76.94,0,7.42,A,LOW,73.44,0.0247,AT_RISK,0.7694,71.69,0.0,NONE,0.0,0.0
2023civil014,Nikhil Sharma,MALE,20,CIVIL,2,2020-2021,77.71,7.42,82.22,91.42,84.32,0,7.77,A,LOW,85.99,0.0,NORMAL,0.8432,86.82,0.0,NONE,-0.28,0.0
2023civil014,Nikhil Sharma,MALE,21,CIVIL,3,2021-2022,74.12,7.59,83.42,72.54,88.72,0,8.08,A+,LOW,81.56,0.0117,AT_RISK,0.8872,77.98,0.0,NONE,0.17,0.1411
2023civil014,Nikhil Sharma,MALE,21,CIVIL,4,2021-2022,76.44,7.76,70.49,88.89,78.99,0,8.08,A+,LOW,79.46,0.0,NORMAL,0.7899,79.69,0.0,NONE,0.17,0.1493
2023eee015,Pranav Iyer,MALE,18,EEE,1,2020-2021,72.26,7.19,79.81,83.44,83.7,0,7.52,A,LOW,82.32,0.0365,AT_RISK,0.837,81.62,0.0,NONE,0.0,0.0
2023eee015,Pranav Iyer,MALE,18,EEE,2,2020-2021,81.01,7.52,76.95,82.5,84.07,0,7.87,A,LOW,81.17,0.0,NORMAL,0.8407,79.72,0.0,NONE,0.33,0.0
2023eee015,Pranav Iyer,MALE,19,EEE,3,2021-2022,81.25,7.7,76.55,74.09,89.85,0,7.93,A,LOW,80.16,0.0,NORMAL,0.8985,75.32,0.0,NONE,0.18,0.2587
2023eee015,Pranav Iyer,MALE,19,EEE,4,2021-2022,75.3,7.77,92.54,83.93,89.36,0,8.22,A+,LOW,88.61,0.0,NORMAL,0.8936,88.24,0.0,NONE,0.07,0.259
2023eee015,Pranav Iyer,MALE,20,EEE,5,2022-2023,86.42,7.88,93.71,81.69,88.32,0,8.38,A+,LOW,87.91,0.0,NORMAL,0.8832,87.7,0.0,NONE,0.11,0.2698
2023eee015,Pranav Iyer,MALE,20,EEE,6,2022-2023,83.54,7.98,77.33,87.24,88.76,1,7.58,A,LOW,84.44,0.0,NORMAL,0.8876,82.28,0.2,MODERATE,0.1,0.2842
2023eee015,Pranav Iyer,MALE,21,EEE,7,2023-2024,73.22,7.92,70.83,81.45,87.05,0,8.27,A+,LOW,79.78,0.0237,AT_RISK,0.8705,76.14,0.0,NONE,-0.06,0.2757
2023eee015,Pranav Iyer,MALE,21,EEE,8,2023-2024,78.13,7.97,92.78,74.73,74.95,0,7.98,A,LOW,80.82,0.0,NORMAL,0.7495,83.76,0.0,NONE,0.05,0.2715
2023ds016,Siddharth Sharma,MALE,18,DS,1,2020-2021,80.42,8.18,80.44,68.23,80.24,0,7.71,A,LOW,76.3,0.0,NORMAL,0.8024,74.34,0.0,NONE,0.0,0.0
2023ds016,Siddharth Sharma,MALE,18,DS,2,2020-2021,81.48,7.71,82.79,74.95,78.11,0,7.56,A,LOW,78.62,0.0,NORMAL,0.7811,78.87,0.0,NONE,-0.47,0.0
2023ds016,Siddharth Sharma,MALE,19,DS,3,2021-2022,78.46,7.63,86.28,74.63,83.2,0,7.73,A,LOW,81.37,0.0,NORMAL,0.832,80.46,0.0,NONE,-0.08,0.2972
2023ds016,Siddharth Sharma,MALE,19,DS,4,2021-2022,75.45,7.67,79.86,74.29,77.91,0,7.46,A,LOW,77.35,0.0,NORMAL,0.7791,77.08,0.0,NONE,0.04,0.2571
2023ds016,Siddharth Sharma,MALE,20,DS,5,2022-2023,86.39,7.62,80.67,76.26,81.75,0,7.74,A,LOW,79.56,0.0,NORMAL,0.8175,78.46,0.0,NONE,-0.05,0.2364
2023ds016,Siddharth Sharma,MALE,20,DS,6,2022-2023,77.55,7.64,84.1,84.96,78.03,0,7.75,A,LOW,82.36,0.0,NORMAL,0.7803,84.53,0.0,NONE,0.02,0.2172
2023ds016,Siddharth Sharma,MALE,21,DS,7,2023-2024,77.25,7.66,66.55,71.28,87.52,0,7.98,A,LOW,75.12,0.0,NORMAL,0.8752,68.91,0.0,NONE,0.02,0.2007
2023ds017,Rahul Singireddy,MALE,18,DS,1,2020-2021,85.39,7.56,69.69,68.09,81.54,0,7.72,A,LOW,73.11,0.0,NORMAL,0.8154,68.89,0.0,NONE,0.0,0.0
2023ds017,Rahul Singireddy,MALE,18,DS,2,2020-2021,86.04,7.72,60.58,56.67,67.16,0,6.96,B,MEDIUM,61.47,0.0,NORMAL,0.6716,58.62,0.0,NONE,0.16,0.0
2023ds017,Rahul Singireddy,MALE,19,DS,3,2021-2022,81.04,7.34,62.52,59.91,74.58,0,7.24,A,LOW,65.67,0.0,NORMAL,0.7458,61.22,0.0,NONE,-0.38,0.1908
2023ds017,Rahul Singireddy,MALE,19,DS,4,2021-2022,86.86,7.31,75.36,66.94,61.84,0,7.39,A,LOW,68.05,0.0,NORMAL,0.6184,71.15,0.0,NONE,-0.03,0.1936
2023ds017,Rahul Singireddy,MALE,20,DS,5,2022-2023,89.22,7.33,60.34,65.42,61.77,0,6.62,B,MEDIUM,62.51,0.0,NORMAL,0.6177,62.88,0.0,NONE,0.02,0.181
2023ds017,Rahul Singireddy,MALE,20,DS,6,2022-2023,90.93,7.19,78.1,58.26,68.96,0,6.92,B,MEDIUM,68.44,0.0,NORMAL,0.6896,68.18,0.0,NONE,-0.14,0.1941
2023ds017,Rahul Singireddy,MALE,21,DS,7,2023-2024,85.45,7.14,63.18,61.55,66.39,0,6.68,B,MEDIUM,63.71,0.0,NORMAL,0.6639,62.36,0.0,NONE,-0.05,0.2041
2023ds017,Rahul Singireddy,MALE,21,DS,8,2023-2024,88.65,7.08,66.52,65.38,61.61,0,6.7,B,MEDIUM,64.5,0.0,NORMAL,0.6161,65.95,0.0,NONE,-0.06,0.215
2023ece018,Pranav Verma,MALE,18,ECE,1,2020-2021,100.0,8.3,90.73,81.86,87.76,0,8.61,A+,LOW,86.78,0.0,NORMAL,0.8776,86.3,0.0,NONE,0.0,0.0
2023ece018,Pranav Verma,MALE,18,ECE,2,2020-2021,91.35,8.61,91.44,84.2,90.12,0,8.56,A+,LOW,88.59,0.0,NORMAL,0.9012,87.82,0.0,NONE,0.31,0.0
2023ece018,Pranav Verma,MALE,19,ECE,3,2021-2022,91.72,8.59,78.87,88.93,88.57,0,8.4,A+,LOW,85.46,0.0,NORMAL,0.8857,83.9,0.0,NONE,-0.02,0.1735
2023ece018,Pranav Verma,MALE,19,ECE,4,2021-2022,100.0,8.52,79.12,88.7,81.21,0,8.29,A+,LOW,83.01,0.0,NORMAL,0.8121,83.91,0.0,NONE,-0.07,0.142
2023ece018,Pranav Verma,MALE,20,ECE,5,2022-2023,100.0,8.46,84.39,87.24,92.3,0,8.5,A+,LOW,87.98,0.0,NORMAL,0.923,85.82,0.0,NONE,-0.06,0.1246
2023ece018,Pranav Verma,MALE,20,ECE,6,2022-2023,100.0,8.47,83.23,93.18,94.48,0,8.22,A+,LOW,90.3,0.0,NORMAL,0.9448,88.21,0.0,NONE,0.01,0.112
2023ece018,Pranav Verma,MALE,21,ECE,7,2023-2024,99.4,8.43,93.92,89.24,89.12,0,8.56,A+,LOW,90.76,0.0,NORMAL,0.8912,91.58,0.0,NONE,-0.04,0.1048
2023ece018,Pranav Verma,MALE,21,ECE,8,2023-2024,100.0,8.45,89.98,97.92,88.54,0,8.81,A+,LOW,92.15,0.0,NORMAL,0.8854,93.95,0.0,NONE,0.02,0.0978
2023eee019,Ananya Gupta,FEMALE,18,EEE,1,2020-2021,80.6,7.62,80.47,80.8,85.67,0,7.79,A,LOW,82.31,0.0,NORMAL,0.8567,80.63,0.0,NONE,0.0,0.0
2023eee019,Ananya Gupta,FEMALE,18,EEE,2,2020-2021,82.82,7.79,95.56,88.33,82.06,0,8.43,A+,LOW,88.65,0.0,NORMAL,0.8206,91.94,0.0,NONE,0.17,0.0
2023eee019,Ananya Gupta,FEMALE,19,EEE,3,2021-2022,79.43,8.11,70.58,76.76,74.34,0,7.75,A,LOW,73.89,0.0,NORMAL,0.7434,73.67,0.0,NONE,0.32,0.2488
2023eee019,Ananya Gupta,FEMALE,19,EEE,4,2021-2022,80.55,7.99,92.57,84.47,82.6,0,8.41,A+,LOW,86.55,0.0,NORMAL,0.826,88.52,0.0,NONE,-0.12,0.2165
2023eee019,Ananya Gupta,FEMALE,20,EEE,5,2022-2023,71.04,8.09,83.63,86.84,76.3,0,8.35,A+,LOW,82.26,0.0528,AT_RISK,0.763,85.24,0.0,NONE,0.1,0.2102
2023eee019,Ananya Gupta,FEMALE,20,EEE,6,2022-2023,80.65,8.15,79.43,85.72,95.05,0,8.43,A+,LOW,86.73,0.0,NORMAL,0.9505,82.58,0.0,NONE,0.06,0.2102
2023eee020,Vikram Deshmukh,MALE,20,EEE,1,2020-2021,87.19,7.24,63.65,61.31,70.6,2,6.3,B,MEDIUM,65.19,0.0,NORMAL,0.706,62.48,0.4,MODERATE,0.0,0.0
2023eee020,Vikram Deshmukh,MALE,20,EEE,2,2020-2021,86.4,6.3,63.5,69.24,68.12,0,6.67,B,MEDIUM,66.95,0.0,NORMAL,0.6812,66.37,0.0,NONE,-0.94,0.0
2023eee020,Vikram Deshmukh,MALE,21,EEE,3,2021-2022,83.99,6.48,64.71,60.45,64.23,0,6.49,B,MEDIUM,63.13,0.0,NORMAL,0.6423,62.58,0.0,NONE,0.18,0.4989
2023eee020,Vikram Deshmukh,MALE,21,EEE,4,2021-2022,88.97,6.49,60.75,71.5,73.23,0,6.74,B,MEDIUM,68.49,0.0,NORMAL,0.7323,66.12,0.0,NONE,0.01,0.4176
2023eee020,Vikram Deshmukh,MALE,22,EEE,5,2022-2023,93.37,6.55,61.6,58.77,57.56,1,6.34,B,MEDIUM,59.31,0.0,NORMAL,0.5756,60.18,0.2,MODERATE,0.06,0.3633
2023eee020,Vikram Deshmukh,MALE,22,EEE,6,2022-2023,88.39,6.51,65.87,67.88,60.82,1,6.72,B,MEDIUM,64.86,0.0,NORMAL,0.6082,66.88,0.2,MODERATE,-0.04,0.3276
2023eee020,Vikram Deshmukh,MALE,23,EEE,7,2023-2024,86.21,6.54,66.82,70.51,68.86,1,6.47,B,MEDIUM,68.73,0.0,NORMAL,0.6886,68.66,0.2,MODERATE,0.03,0.2998
2023eee020,Vikram Deshmukh,MALE,23,EEE,8,2023-2024,82.45,6.53,68.95,77.41,73.18,0,7.16,A,LOW,73.18,0.0,NORMAL,0.7318,73.18,0.0,NONE,-0.01,0.2783
2023ece021,Pranav Patel,MALE,20,ECE,1,2020-2021,57.98,6.21,46.61,51.8,53.64,3,5.23,C,HIGH,50.68,0.2269,CRITICAL,0.5364,49.2,0.6,SEVERE,0.0,0.0
2023ece021,Pranav Patel,MALE,20,ECE,2,2020-2021,51.64,5.23,60.92,50.8,51.22,0,5.1,C,HIGH,54.31,0.3115,CRITICAL,0.5122,55.86,0.0,NONE,-0.98,0.0
2023ece021,Pranav Patel,MALE,21,ECE,3,2021-2022,50.18,5.17,55.88,51.38,46.91,0,4.88,C,HIGH,51.39,0.3309,CRITICAL,0.4691,53.63,0.0,NONE,-0.06,0.5839
2023ece021,Pranav Patel,MALE,21,ECE,4,2021-2022,53.84,5.07,60.14,48.57,45.84,0,5.03,C,HIGH,51.52,0.2821,CRITICAL,0.4584,54.36,0.0,NONE,-0.1,0.5308
2023ece022,Varun Singireddy,MALE,20,ECE,1,2020-2021,86.21,7.76,58.68,74.53,73.95,0,7.58,A,LOW,69.05,0.0,NORMAL,0.7395,66.6,0.0,NONE,0.0,0.0
2023ece022,Varun Singireddy,MALE,20,ECE,2,2020-2021,94.19,7.58,81.37,73.0,69.58,0,8.03,A+,LOW,74.65,0.0,NORMAL,0.6958,77.18,0.0,NONE,-0.18,0.0
2023ece022,Varun Singireddy,MALE,21,ECE,3,2021-2022,86.54,7.8,74.45,74.22,76.1,0,7.65,A,LOW,74.92,0.0,NORMAL,0.761,74.34,0.0,NONE,0.22,0.1172
2023ece022,Varun Singireddy,MALE,21,ECE,4,2021-2022,83.51,7.75,70.83,73.92,72.39,0,7.4,A,LOW,72.38,0.0,NORMAL,0.7239,72.38,0.0,NONE,-0.05,0.0974
2023it023,Divya Sharma,FEMALE,18,IT,1,2020-2021,90.01,6.98,66.64,77.2,54.98,0,7.01,A,LOW,66.27,0.0,NORMAL,0.5498,71.92,0.0,NONE,0.0,0.0
2023it023,Divya Sharma,FEMALE,18,IT,2,2020-2021,94.45,7.01,55.67,66.06,66.37,0,6.45,B,MEDIUM,62.7,0.0,NORMAL,0.6637,60.86,0.0,NONE,0.03,0.0
2023it023,Divya Sharma,FEMALE,19,IT,3,2021-2022,86.24,6.73,61.39,78.57,72.91,1,6.89,B,MEDIUM,70.96,0.0,NORMAL,0.7291,69.98,0.2,MODERATE,-0.28,0.1537
2023it023,Divya Sharma,FEMALE,19,IT,4,2021-2022,92.12,6.78,61.22,64.85,70.68,0,6.47,B,MEDIUM,65.58,0.0,NORMAL,0.7068,63.04,0.0,NONE,0.05,0.1406
2023it023,Divya Sharma,FEMALE,20,IT,5,2022-2023,91.97,6.71,66.5,65.69,71.79,0,6.85,B,MEDIUM,67.99,0.0,NORMAL,0.7179,66.1,0.0,NONE,-0.07,0.1424
2023it023,Divya Sharma,FEMALE,20,IT,6,2022-2023,87.56,6.73,74.84,61.4,71.31,0,6.93,B,MEDIUM,69.18,0.0,NORMAL,0.7131,68.12,0.0,NONE,0.02,0.1353
2023it023,Divya Sharma,FEMALE,21,IT,7,2023-2024,87.64,6.77,69.78,60.32,72.85,0,6.75,B,MEDIUM,67.65,0.0,NORMAL,0.7285,65.05,0.0,NONE,0.04,0.1251
2023ece024,Aarav Patel,MALE,19,ECE,1,2020-2021,64.37,6.19,63.04,52.52,50.94,2,5.1,C,HIGH,55.5,0.1417,CRITICAL,0.5094,57.78,0.4,MODERATE,0.0,0.0
2023ece024,Aarav Patel,MALE,19,ECE,2,2020-2021,66.41,5.1,47.82,66.03,47.57,0,5.53,C,HIGH,53.81,0.1145,AT_RISK,0.4757,56.92,0.0,NONE,-1.09,0.0
2023ece024,Aarav Patel,MALE,20,ECE,3,2021-2022,62.36,5.31,53.69,51.0,59.97,1,5.14,C,HIGH,54.89,0.1685,CRITICAL,0.5997,52.34,0.2,MODERATE,0.21,0.5783
2023ece024,Aarav Patel,MALE,20,ECE,4,2021-2022,63.45,5.26,53.71,53.93,56.16,3,4.58,C,HIGH,54.6,0.154,CRITICAL,0.5616,53.82,0.6,SEVERE,-0.05,0.4916
2023ece024,Aarav Patel,MALE,21,ECE,5,2022-2023,57.79,5.09,41.53,43.7,61.69,4,4.1,C,HIGH,48.97,0.2295,CRITICAL,0.6169,42.62,0.8,SEVERE,-0.17,0.4575
2023ece025,Kavya Reddy,FEMALE,18,ECE,1,2020-2021,64.8,5.04,46.42,48.39,43.94,1,4.46,C,HIGH,46.25,0.136,CRITICAL,0.4394,47.4,0.2,MODERATE,0.0,0.0
2023ece025,Kavya Reddy,FEMALE,18,ECE,2,2020-2021,65.64,4.46,40.1,48.42,38.13,2,4.05,C,HIGH,42.22,0.1248,AT_RISK,0.3813,44.26,0.4,MODERATE,-0.58,0.0
2023ece025,Kavya Reddy,FEMALE,19,ECE,3,2021-2022,66.08,4.25,47.17,51.53,54.97,0,4.82,C,HIGH,51.22,0.1189,AT_RISK,0.5497,49.35,0.0,NONE,-0.21,0.4092
2023ece025,Kavya Reddy,FEMALE,19,ECE,4,2021-2022,56.15,4.44,37.62,41.55,46.77,3,3.72,C,HIGH,41.98,0.2513,CRITICAL,0.4677,39.58,0.6,SEVERE,0.19,0.3417
2023ece025,Kavya Reddy,FEMALE,20,ECE,5,2022-2023,59.94,4.26,46.08,40.43,43.59,3,3.26,C,HIGH,43.37,0.2008,CRITICAL,0.4359,43.26,0.6,SEVERE,-0.18,0.3226
2023eee026,Nikhil Rao,MALE,19,EEE,1,2020-2021,66.45,6.63,55.99,58.24,68.47,1,6.0,B,MEDIUM,60.9,0.114,AT_RISK,0.6847,57.12,0.2,MODERATE,0.0,0.0
2023eee026,Nikhil Rao,MALE,19,EEE,2,2020-2021,82.47,6.0,67.96,66.11,58.91,2,5.79,C,HIGH,64.33,0.0,NORMAL,0.5891,67.04,0.4,MODERATE,-0.63,0.0
2023eee026,Nikhil Rao,MALE,20,EEE,3,2021-2022,71.43,5.89,66.63,81.26,62.72,0,6.54,B,MEDIUM,70.2,0.0476,AT_RISK,0.6272,73.94,0.0,NONE,-0.11,0.3993
2023eee026,Nikhil Rao,MALE,20,EEE,4,2021-2022,72.72,6.11,66.58,77.42,60.07,0,6.72,B,MEDIUM,68.02,0.0304,AT_RISK,0.6007,72.0,0.0,NONE,0.22,0.3276
2023eee026,Nikhil Rao,MALE,21,EEE,5,2022-2023,80.16,6.26,64.32,71.49,68.06,0,6.6,B,MEDIUM,67.96,0.0,NORMAL,0.6806,67.9,0.0,NONE,0.15,0.2873
2023eee026,Nikhil Rao,MALE,21,EEE,6,2022-2023,72.84,6.33,64.23,67.11,62.83,2,6.0,B,MEDIUM,64.72,0.0288,AT_RISK,0.6283,65.67,0.4,MODERATE,0.07,0.2644
2023civil027,Pooja Patel,FEMALE,18,CIVIL,1,2020-2021,75.98,8.18,68.77,79.06,79.98,0,8.07,A+,LOW,75.94,0.0,NORMAL,0.7998,73.91,0.0,NONE,0.0,0.0
2023civil027,Pooja Patel,FEMALE,18,CIVIL,2,2020-2021,79.28,8.07,81.63,79.38,76.58,0,7.67,A,LOW,79.2,0.0,NORMAL,0.7658,80.5,0.0,NONE,-0.11,0.0
2023civil027,Pooja Patel,FEMALE,19,CIVIL,3,2021-2022,76.37,7.87,77.71,78.1,70.55,0,7.5,A,LOW,75.45,0.0,NORMAL,0.7055,77.9,0.0,NONE,-0.2,0.1572
2023civil027,Pooja Patel,FEMALE,19,CIVIL,4,2021-2022,78.55,7.75,76.08,80.4,77.07,0,7.77,A,LOW,77.85,0.0,NORMAL,0.7707,78.24,0.0,NONE,-0.12,0.1936
2023civil027,Pooja Patel,FEMALE,20,CIVIL,5,2022-2023,77.78,7.75,73.06,76.74,74.62,0,7.55,A,LOW,74.81,0.0,NORMAL,0.7462,74.9,0.0,NONE,0.0,0.1939
2023civil027,Pooja Patel,FEMALE,20,CIVIL,6,2022-2023,72.49,7.71,77.34,73.13,83.21,0,7.58,A,LOW,77.89,0.0335,AT_RISK,0.8321,75.24,0.0,NONE,-0.04,0.1942
2023ai028,Tanvi Verma,FEMALE,19,AI,1,2020-2021,48.53,5.29,45.23,56.55,49.7,2,4.9,C,HIGH,50.49,0.3529,CRITICAL,0.497,50.89,0.4,MODERATE,0.0,0.0
2023ai028,Tanvi Verma,FEMALE,19,AI,2,2020-2021,41.63,4.9,48.62,52.36,49.13,3,4.4,C,HIGH,50.04,0.4449,CRITICAL,0.4913,50.49,0.6,SEVERE,-0.39,0.0
2023ai028,Tanvi Verma,FEMALE,20,AI,3,2021-2022,43.81,4.65,54.63,59.96,46.91,2,4.33,C,HIGH,53.83,0.4159,CRITICAL,0.4691,57.3,0.4,MODERATE,-0.25,0.3225
2023ai028,Tanvi Verma,FEMALE,20,AI,4,2021-2022,49.99,4.54,54.8,42.18,46.62,0,4.58,C,HIGH,47.87,0.3335,CRITICAL,0.4662,48.49,0.0,NONE,-0.11,0.3327
2023ai028,Tanvi Verma,FEMALE,21,AI,5,2022-2023,37.1,4.55,38.96,38.45,44.88,1,4.12,C,HIGH,40.76,0.5053,CRITICAL,0.4488,38.7,0.2,MODERATE,0.01,0.3169
2023ai028,Tanvi Verma,FEMALE,21,AI,6,2022-2023,41.71,4.47,52.92,37.63,53.64,3,3.83,C,HIGH,48.06,0.4439,CRITICAL,0.5364,45.28,0.6,SEVERE,-0.08,0.3114
2023ai028,Tanvi Verma,FEMALE,22,AI,7,2023-2024,38.88,4.36,46.82,36.03,50.63,3,3.7,C,HIGH,44.49,0.4816,CRITICAL,0.5063,41.42,0.6,SEVERE,-0.11,0.3174
2023ai028,Tanvi Verma,FEMALE,22,AI,8,2023-2024,39.34,4.27,43.66,56.65,45.53,2,3.89,C,HIGH,48.61,0.4755,CRITICAL,0.4553,50.16,0.4,MODERATE,-0.09,0.3277
2023it029,Divya Chopra,FEMALE,19,IT,1,2020-2021,82.35,7.26,72.45,71.96,82.03,0,7.69,A,LOW,75.48,0.0,NORMAL,0.8203,72.2,0.0,NONE,0.0,0.0
2023it029,Divya Chopra,FEMALE,19,IT,2,2020-2021,81.94,7.69,70.48,78.3,73.33,1,7.45,A,LOW,74.04,0.0,NORMAL,0.7333,74.39,0.2,MODERATE,0.43,0.0
2023it029,Divya Chopra,FEMALE,20,IT,3,2021-2022,84.42,7.57,66.07,84.45,85.07,0,7.59,A,LOW,78.53,0.0,NORMAL,0.8507,75.26,0.0,NONE,-0.12,0.2219
2023it029,Divya Chopra,FEMALE,20,IT,4,2021-2022,81.44,7.58,76.57,76.86,79.38,0,8.06,A+,LOW,77.6,0.0,NORMAL,0.7938,76.72,0.0,NONE,0.01,0.1848
2023it029,Divya Chopra,FEMALE,21,IT,5,2022-2023,81.67,7.7,69.76,66.27,72.43,0,7.4,A,LOW,69.49,0.0,NORMAL,0.7243,68.02,0.0,NONE,0.12,0.1782
2023it029,Divya Chopra,FEMALE,21,IT,6,2022-2023,88.94,7.64,71.13,75.58,76.01,0,7.8,A,LOW,74.24,0.0,NORMAL,0.7601,73.35,0.0,NONE,-0.06,0.1627
2023it029,Divya Chopra,FEMALE,22,IT,7,2023-2024,91.25,7.66,70.75,70.99,81.31,0,7.73,A,LOW,74.35,0.0,NORMAL,0.8131,70.87,0.0,NONE,0.02,0.1521
2023ai030,Sanya Deshmukh,FEMALE,19,AI,1,2020-2021,86.39,7.42,78.37,72.71,77.42,0,7.73,A,LOW,76.17,0.0,NORMAL,0.7742,75.54,0.0,NONE,0.0,0.0
2023ai030,Sanya Deshmukh,FEMALE,19,AI,2,2020-2021,83.09,7.73,78.31,81.67,80.31,0,8.12,A+,LOW,80.1,0.0,NORMAL,0.8031,79.99,0.0,NONE,0.31,0.0
2023ai030,Sanya Deshmukh,FEMALE,20,AI,3,2021-2022,83.21,7.92,74.66,76.55,80.5,0,7.69,A,LOW,77.24,0.0,NORMAL,0.805,75.6,0.0,NONE,0.19,0.2524
2023ai030,Sanya Deshmukh,FEMALE,20,AI,4,2021-2022,82.89,7.85,73.71,76.24,80.86,0,7.84,A,LOW,76.94,0.0,NORMAL,0.8086,74.97,0.0,NONE,-0.07,0.2211
2023ai030,Sanya Deshmukh,FEMALE,21,AI,5,2022-2023,82.4,7.84,68.31,80.95,77.69,0,8.17,A+,LOW,75.65,0.0,NORMAL,0.7769,74.63,0.0,NONE,-0.01,0.1977
2023eee031,Kavya Singireddy,FEMALE,18,EEE,1,2020-2021,89.55,8.54,96.41,96.6,100.0,0,9.02,O,LOW,97.67,0.0,NORMAL,1.0,96.5,0.0,NONE,0.0,0.0
2023eee031,Kavya Singireddy,FEMALE,18,EEE,2,2020-2021,91.51,9.02,98.55,96.02,93.06,0,9.27,O,LOW,95.88,0.0,NORMAL,0.9306,97.28,0.0,NONE,0.48,0.0
2023eee031,Kavya Singireddy,FEMALE,19,EEE,3,2021-2022,94.3,9.14,88.55,95.51,91.79,0,9.4,O,LOW,91.95,0.0,NORMAL,0.9179,92.03,0.0,NONE,0.12,0.3175
2023eee031,Kavya Singireddy,FEMALE,19,EEE,4,2021-2022,83.52,9.23,91.16,96.78,100.0,0,9.38,O,LOW,95.98,0.0,NORMAL,1.0,93.97,0.0,NONE,0.09,0.3073
2023eee031,Kavya Singireddy,FEMALE,20,EEE,5,2022-2023,87.0,9.27,100.0,85.63,84.3,0,9.23,O,LOW,89.98,0.0,NORMAL,0.843,92.82,0.0,NONE,0.04,0.2956
2023eee031,Kavya Singireddy,FEMALE,20,EEE,6,2022-2023,86.82,9.26,88.0,98.37,96.51,0,9.22,O,LOW,94.29,0.0,NORMAL,0.9651,93.18,0.0,NONE,-0.01,0.2792
2023eee031,Kavya Singireddy,FEMALE,21,EEE,7,2023-2024,83.32,9.25,99.16,97.83,94.8,0,9.8,O,LOW,97.26,0.0,NORMAL,0.948,98.5,0.0,NONE,-0.01,0.2631
2023eee032,Meera Iyer,FEMALE,19,EEE,1,2020-2021,81.45,9.12,84.69,89.69,93.29,0,9.11,O,LOW,89.22,0.0,NORMAL,0.9329,87.19,0.0,NONE,0.0,0.0
2023eee032,Meera Iyer,FEMALE,19,EEE,2,2020-2021,85.42,9.11,96.28,86.66,100.0,0,9.24,O,LOW,94.31,0.0,NORMAL,1.0,91.47,0.0,NONE,-0.01,0.0
2023eee032,Meera Iyer,FEMALE,20,EEE,3,2021-2022,91.51,9.18,96.56,97.24,96.37,0,9.46,O,LOW,96.72,0.0,NORMAL,0.9637,96.9,0.0,NONE,0.07,0.0379
2023eee032,Meera Iyer,FEMALE,20,EEE,4,2021-2022,90.26,9.27,100.0,96.01,97.06,0,9.45,O,LOW,97.69,0.0,NORMAL,0.9706,98.0,0.0,NONE,0.09,0.0735
2023ai033,Pranav Iyer,MALE,18,AI,1,2020-2021,82.51,8.08,63.57,78.44,67.47,0,7.35,A,LOW,69.83,0.0,NORMAL,0.6747,71.0,0.0,NONE,0.0,0.0
2023ai033,Pranav Iyer,MALE,18,AI,2,2020-2021,77.19,7.35,63.51,72.64,64.4,0,6.99,B,MEDIUM,66.85,0.0,NORMAL,0.644,68.08,0.0,NONE,-0.73,0.0
2023ai033,Pranav Iyer,MALE,19,AI,3,2021-2022,69.05,7.17,64.85,53.02,59.75,0,6.82,B,MEDIUM,59.21,0.0793,AT_RISK,0.5975,58.94,0.0,NONE,-0.18,0.4819
2023ai033,Pranav Iyer,MALE,19,AI,4,2021-2022,79.68,7.05,70.08,61.72,67.43,0,6.89,B,MEDIUM,66.41,0.0,NORMAL,0.6743,65.9,0.0,NONE,-0.12,0.4618
2023ai033,Pranav Iyer,MALE,20,AI,5,2022-2023,71.83,7.01,76.51,72.75,66.56,0,7.07,A,LOW,71.94,0.0423,AT_RISK,0.6656,74.63,0.0,NONE,-0.04,0.4385
2023ai033,Pranav Iyer,MALE,20,AI,6,2022-2023,77.23,7.02,55.2,65.97,64.26,0,6.49,B,MEDIUM,61.81,0.0,NORMAL,0.6426,60.58,0.0,NONE,0.01,0.4124
2023ai033,Pranav Iyer,MALE,21,AI,7,2023-2024,75.2,6.94,78.21,71.26,64.81,0,7.11,A,LOW,71.43,0.0,NORMAL,0.6481,74.74,0.0,NONE,-0.08,0.3978
2023ai033,Pranav Iyer,MALE,21,AI,8,2023-2024,81.85,6.96,72.93,67.74,64.43,0,7.03,A,LOW,68.37,0.0,NORMAL,0.6443,70.34,0.0,NONE,0.02,0.3806
2023civil034,Rhea Gupta,FEMALE,20,CIVIL,1,2020-2021,68.92,5.64,52.99,51.43,54.17,1,5.15,C,HIGH,52.86,0.0811,AT_RISK,0.5417,52.21,0.2,MODERATE,0.0,0.0
2023civil034,Rhea Gupta,FEMALE,20,CIVIL,2,2020-2021,70.02,5.15,47.5,58.77,45.47,2,4.94,C,HIGH,50.58,0.0664,AT_RISK,0.4547,53.14,0.4,MODERATE,-0.49,0.0
2023civil034,Rhea Gupta,FEMALE,21,CIVIL,3,2021-2022,62.94,5.04,41.11,42.11,47.32,2,4.36,C,HIGH,43.51,0.1608,CRITICAL,0.4732,41.61,0.4,MODERATE,-0.11,0.3194
2023civil034,Rhea Gupta,FEMALE,21,CIVIL,4,2021-2022,61.63,4.82,40.27,43.57,59.63,1,4.95,C,HIGH,47.82,0.1783,CRITICAL,0.5963,41.92,0.2,MODERATE,-0.22,0.3466
2023civil034,Rhea Gupta,FEMALE,22,CIVIL,5,2022-2023,58.69,4.85,42.64,43.13,51.99,2,4.07,C,HIGH,45.92,0.2175,CRITICAL,0.5199,42.89,0.4,MODERATE,0.03,0.3311
2023civil034,Rhea Gupta,FEMALE,22,CIVIL,6,2022-2023,53.31,4.69,31.1,43.51,52.15,1,4.2,C,HIGH,42.25,0.2892,CRITICAL,0.5215,37.3,0.2,MODERATE,-0.16,0.3402
2023civil034,Rhea Gupta,FEMALE,23,CIVIL,7,2023-2024,58.03,4.61,32.46,31.02,50.04,1,4.29,C,HIGH,37.84,0.2263,CRITICAL,0.5004,31.74,0.2,MODERATE,-0.08,0.3491
2023ds035,Rahul Singireddy,MALE,19,DS,1,2020-2021,82.71,8.05,65.15,74.37,67.82,0,7.55,A,LOW,69.11,0.0,NORMAL,0.6782,69.76,0.0,NONE,0.0,0.0
2023ds035,Rahul Singireddy,MALE,19,DS,2,2020-2021,79.28,7.55,71.7,58.32,75.4,0,7.57,A,LOW,68.47,0.0,NORMAL,0.754,65.01,0.0,NONE,-0.5,0.0
2023ds035,Rahul Singireddy,MALE,20,DS,3,2021-2022,73.0,7.56,70.04,70.63,69.32,0,7.22,A,LOW,70.0,0.0267,AT_RISK,0.6932,70.34,0.0,NONE,0.01,0.2858
2023ds035,Rahul Singireddy,MALE,20,DS,4,2021-2022,72.59,7.45,67.4,74.59,70.73,0,7.23,A,LOW,70.91,0.0321,AT_RISK,0.7073,71.0,0.0,NONE,-0.11,0.2696
2023ds035,Rahul Singireddy,MALE,21,DS,5,2022-2023,78.13,7.39,50.34,74.32,59.32,0,6.81,B,MEDIUM,61.33,0.0,NORMAL,0.5932,62.33,0.0,NONE,-0.06,0.2613
2023eee036,Siddharth Rao,MALE,20,EEE,1,2020-2021,83.55,6.89,65.29,80.02,70.45,1,6.82,B,MEDIUM,71.92,0.0,NORMAL,0.7045,72.66,0.2,MODERATE,0.0,0.0
2023eee036,Siddharth Rao,MALE,20,EEE,2,2020-2021,88.38,6.82,76.19,73.79,66.37,1,6.9,B,MEDIUM,72.12,0.0,NORMAL,0.6637,74.99,0.2,MODERATE,-0.07,0.0
2023eee036,Siddharth Rao,MALE,21,EEE,3,2021-2022,87.14,6.86,64.26,71.03,80.29,0,7.19,A,LOW,71.86,0.0,NORMAL,0.8029,67.65,0.0,NONE,0.04,0.0351
2023eee036,Siddharth Rao,MALE,21,EEE,4,2021-2022,88.26,6.97,71.77,71.94,83.17,0,7.31,A,LOW,75.63,0.0,NORMAL,0.8317,71.85,0.0,NONE,0.11,0.0635
2023civil037,Siddharth Nair,MALE,20,CIVIL,1,2020-2021,77.21,6.21,61.31,56.56,53.12,0,5.95,C,HIGH,57.0,0.0,NORMAL,0.5312,58.94,0.0,NONE,0.0,0.0
2023civil037,Siddharth Nair,MALE,20,CIVIL,2,2020-2021,76.64,5.95,55.63,60.22,54.67,0,5.98,C,HIGH,56.84,0.0,NORMAL,0.5467,57.92,0.0,NONE,-0.26,0.0
2023civil037,Siddharth Nair,MALE,21,CIVIL,3,2021-2022,78.04,5.96,57.04,44.58,58.99,0,5.81,C,HIGH,53.54,0.0,NORMAL,0.5899,50.81,0.0,NONE,0.01,0.1473
2023civil037,Siddharth Nair,MALE,21,CIVIL,4,2021-2022,83.8,5.91,39.91,69.82,53.71,1,5.69,C,HIGH,54.48,0.0,NORMAL,0.5371,54.86,0.2,MODERATE,-0.05,0.1367
2023civil037,Siddharth Nair,MALE,22,CIVIL,5,2022-2023,77.08,5.86,61.68,51.69,51.29,0,6.08,B,MEDIUM,54.89,0.0,NORMAL,0.5129,56.68,0.0,NONE,-0.05,0.1355
2023civil037,Siddharth Nair,MALE,22,CIVIL,6,2022-2023,81.92,5.9,60.03,63.95,56.89,1,5.72,C,HIGH,60.29,0.0,NORMAL,0.5689,61.99,0.2,MODERATE,0.04,0.1253
2023civil037,Siddharth Nair,MALE,23,CIVIL,7,2023-2024,85.58,5.87,73.87,59.1,55.42,1,5.96,C,HIGH,62.8,0.0,NORMAL,0.5542,66.48,0.2,MODERATE,-0.03,0.1199
2023cs038,Sanya Gupta,FEMALE,20,CS,1,2020-2021,90.76,9.1,95.22,91.93,82.6,0,9.35,O,LOW,89.92,0.0,NORMAL,0.826,93.58,0.0,NONE,0.0,0.0
2023cs038,Sanya Gupta,FEMALE,20,CS,2,2020-2021,81.33,9.35,89.7,83.36,87.99,0,9.16,O,LOW,87.02,0.0,NORMAL,0.8799,86.53,0.0,NONE,0.25,0.0
2023cs038,Sanya Gupta,FEMALE,21,CS,3,2021-2022,86.78,9.25,90.21,97.36,90.58,0,9.2,O,LOW,92.72,0.0,NORMAL,0.9058,93.78,0.0,NONE,-0.1,0.1258
2023cs038,Sanya Gupta,FEMALE,21,CS,4,2021-2022,88.92,9.24,94.6,80.1,91.3,0,9.24,O,LOW,88.67,0.0,NORMAL,0.913,87.35,0.0,NONE,-0.01,0.1028
2023cs038,Sanya Gupta,FEMALE,22,CS,5,2022-2023,83.45,9.24,95.5,86.35,88.94,0,9.11,O,LOW,90.26,0.0,NORMAL,0.8894,90.92,0.0,NONE,0.0,0.0891
2023cs038,Sanya Gupta,FEMALE,22,CS,6,2022-2023,84.28,9.21,80.46,78.4,96.28,0,8.8,A+,LOW,85.05,0.0,NORMAL,0.9628,79.43,0.0,NONE,-0.03,0.0804
2023cs038,Sanya Gupta,FEMALE,23,CS,7,2023-2024,79.83,9.14,73.9,82.99,81.7,0,9.0,O,LOW,79.53,0.0,NORMAL,0.817,78.44,0.0,NONE,-0.07,0.0811
2023civil039,Karthik Rao,MALE,19,CIVIL,1,2020-2021,85.3,8.13,77.54,95.18,86.61,0,8.27,A+,LOW,86.44,0.0,NORMAL,0.8661,86.36,0.0,NONE,0.0,0.0
2023civil039,Karthik Rao,MALE,19,CIVIL,2,2020-2021,71.21,8.27,95.38,73.3,73.47,0,8.37,A+,LOW,80.72,0.0505,AT_RISK,0.7347,84.34,0.0,NONE,0.14,0.0
2023civil039,Karthik Rao,MALE,20,CIVIL,3,2021-2022,90.9,8.32,89.91,84.99,84.67,0,8.62,A+,LOW,86.52,0.0,NORMAL,0.8467,87.45,0.0,NONE,0.05,0.0985
2023civil039,Karthik Rao,MALE,20,CIVIL,4,2021-2022,84.12,8.42,83.27,82.2,81.39,0,8.19,A+,LOW,82.29,0.0,NORMAL,0.8139,82.74,0.0,NONE,0.1,0.1207
2023civil039,Karthik Rao,MALE,21,CIVIL,5,2022-2023,79.9,8.36,71.39,80.96,76.76,0,7.85,A,LOW,76.37,0.0,NORMAL,0.7676,76.18,0.0,NONE,-0.06,0.1098
2023civil039,Karthik Rao,MALE,21,CIVIL,6,2022-2023,81.69,8.26,89.87,87.03,73.85,0,8.06,A+,LOW,83.58,0.0,NORMAL,0.7385,88.45,0.0,NONE,-0.1,0.0995
2023civil039,Karthik Rao,MALE,22,CIVIL,7,2023-2024,84.67,8.23,75.6,80.14,84.45,0,7.96,A,LOW,80.06,0.0,NORMAL,0.8445,77.87,0.0,NONE,-0.03,0.094
2023civil039,Karthik Rao,MALE,22,CIVIL,8,2023-2024,81.27,8.19,73.46,77.85,83.3,0,7.74,A,LOW,78.2,0.0,NORMAL,0.833,75.66,0.0,NONE,-0.04,0.0932
2023cs040,Karthik Singireddy,OTHER,20,CS,1,2020-2021,87.16,9.54,80.38,83.81,81.68,0,9.27,O,LOW,81.96,0.0,NORMAL,0.8168,82.1,0.0,NONE,0.0,0.0
2023cs040,Karthik Singireddy,OTHER,20,CS,2,2020-2021,85.77,9.27,77.85,81.16,83.28,0,8.81,A+,LOW,80.76,0.0,NORMAL,0.8328,79.5,0.0,NONE,-0.27,0.0
2023cs040,Karthik Singireddy,OTHER,21,CS,3,2021-2022,85.3,9.04,76.15,76.39,73.55,0,8.78,A+,LOW,75.36,0.0,NORMAL,0.7355,76.27,0.0,NONE,-0.23,0.2503
2023cs040,Karthik Singireddy,OTHER,21,CS,4,2021-2022,80.03,8.95,76.14,75.99,85.03,0,8.5,A+,LOW,79.05,0.0,NORMAL,0.8503,76.06,0.0,NONE,-0.09,0.2637
2023ece041,Nikhil Deshmukh,MALE,18,ECE,1,2020-2021,89.82,7.11,75.96,81.68,76.16,2,7.31,A,LOW,77.93,0.0,NORMAL,0.7616,78.82,0.4,MODERATE,0.0,0.0
2023ece041,Nikhil Deshmukh,MALE,18,ECE,2,2020-2021,79.41,7.31,81.53,83.48,82.41,0,7.65,A,LOW,82.47,0.0,NORMAL,0.8241,82.5,0.0,NONE,0.2,0.0
2023ece041,Nikhil Deshmukh,MALE,19,ECE,3,2021-2022,82.98,7.48,79.6,78.46,85.16,1,7.94,A,LOW,81.07,0.0,NORMAL,0.8516,79.03,0.2,MODERATE,0.17,0.1852
2023ece041,Nikhil Deshmukh,MALE,19,ECE,4,2021-2022,80.6,7.63,70.79,78.48,93.24,0,7.7,A,LOW,80.84,0.0,NORMAL,0.9324,74.64,0.0,NONE,0.15,0.2238
2023ece041,Nikhil Deshmukh,MALE,20,ECE,5,2022-2023,88.73,7.65,88.74,75.36,83.18,0,8.22,A+,LOW,82.43,0.0,NORMAL,0.8318,82.05,0.0,NONE,0.02,0.2278
2023ece041,Nikhil Deshmukh,MALE,20,ECE,6,2022-2023,79.99,7.76,77.12,74.85,75.26,0,7.55,A,LOW,75.74,0.0,NORMAL,0.7526,75.98,0.0,NONE,0.11,0.2429
2023ece041,Nikhil Deshmukh,MALE,21,ECE,7,2023-2024,75.95,7.73,78.22,73.39,81.51,1,7.2,A,LOW,77.71,0.0,NORMAL,0.8151,75.81,0.2,MODERATE,-0.03,0.2396
2023ece041,Nikhil Deshmukh,MALE,21,ECE,8,2023-2024,81.5,7.65,82.68,65.72,82.21,0,7.93,A,LOW,76.87,0.0,NORMAL,0.8221,74.2,0.0,NONE,-0.08,0.2262
2023ai042,Aditya Verma,MALE,20,AI,1,2020-2021,72.39,7.68,90.84,83.31,76.92,0,7.92,A,LOW,83.69,0.0348,AT_RISK,0.7692,87.08,0.0,NONE,0.0,0.0
2023ai042,Aditya Verma,MALE,20,AI,2,2020-2021,80.16,7.92,81.61,84.38,75.85,0,7.99,A,LOW,80.61,0.0,NORMAL,0.7585,83.0,0.0,NONE,0.24,0.0
2023ai042,Aditya Verma,MALE,21,AI,3,2021-2022,72.98,7.96,80.83,76.08,76.77,0,8.13,A+,LOW,77.89,0.0269,AT_RISK,0.7677,78.46,0.0,NONE,0.04,0.1514
2023ai042,Aditya Verma,MALE,21,AI,4,2021-2022,83.7,8.01,85.51,75.3,78.87,0,8.24,A+,LOW,79.89,0.0,NORMAL,0.7887,80.4,0.0,NONE,0.05,0.1464
2023ai042,Aditya Verma,MALE,22,AI,5,2022-2023,80.6,8.07,96.12,84.56,81.41,0,8.25,A+,LOW,87.36,0.0,NORMAL,0.8141,90.34,0.0,NONE,0.06,0.1496
2023ai042,Aditya Verma,MALE,22,AI,6,2022-2023,81.27,8.11,81.64,86.8,85.23,0,8.09,A+,LOW,84.56,0.0,NORMAL,0.8523,84.22,0.0,NONE,0.04,0.153
2023ai042,Aditya Verma,MALE,23,AI,7,2023-2024,76.11,8.1,71.88,85.95,74.93,0,7.52,A,LOW,77.59,0.0,NORMAL,0.7493,78.91,0.0,NONE,-0.01,0.1496
2023ai042,Aditya Verma,MALE,23,AI,8,2023-2024,83.69,8.02,98.21,83.22,84.64,0,8.36,A+,LOW,88.69,0.0,NORMAL,0.8464,90.72,0.0,NONE,-0.08,0.1393
2023it043,Sanya Sharma,FEMALE,19,IT,1,2020-2021,74.66,7.73,82.98,75.72,79.29,0,7.88,A,LOW,79.33,0.0045,AT_RISK,0.7929,79.35,0.0,NONE,0.0,0.0
2023it043,Sanya Sharma,FEMALE,19,IT,2,2020-2021,71.41,7.88,82.93,75.93,74.17,0,7.93,A,LOW,77.68,0.0479,AT_RISK,0.7417,79.43,0.0,NONE,0.15,0.0
2023it043,Sanya Sharma,FEMALE,20,IT,3,2021-2022,69.52,7.9,76.66,76.43,83.38,0,8.01,A+,LOW,78.82,0.0731,AT_RISK,0.8338,76.54,0.0,NONE,0.02,0.0929
2023it043,Sanya Sharma,FEMALE,20,IT,4,2021-2022,72.04,7.94,80.91,84.34,80.74,0,8.04,A+,LOW,82.0,0.0395,AT_RISK,0.8074,82.62,0.0,NONE,0.04,0.0918
2023it043,Sanya Sharma,FEMALE,21,IT,5,2022-2023,65.91,7.96,69.12,73.68,74.9,0,7.65,A,LOW,72.57,0.1212,AT_RISK,0.749,71.4,0.0,NONE,0.02,0.0907
2023it043,Sanya Sharma,FEMALE,21,IT,6,2022-2023,70.41,7.9,78.2,74.6,80.38,0,7.87,A,LOW,77.73,0.0612,AT_RISK,0.8038,76.4,0.0,NONE,-0.06,0.0814
2023it043,Sanya Sharma,FEMALE,22,IT,7,2023-2024,61.31,7.9,68.9,73.67,71.9,2,7.22,A,LOW,71.49,0.1825,CRITICAL,0.719,71.28,0.4,MODERATE,0.0,0.0745
2023it044,Karthik Deshmukh,MALE,19,IT,1,2020-2021,83.67,6.07,77.39,68.8,76.76,1,6.4,B,MEDIUM,74.32,0.0,NORMAL,0.7676,73.1,0.2,MODERATE,0.0,0.0
2023it044,Karthik Deshmukh,MALE,19,IT,2,2020-2021,77.74,6.4,67.17,69.03,67.37,0,6.59,B,MEDIUM,67.86,0.0,NORMAL,0.6737,68.1,0.0,NONE,0.33,0.0
2023it044,Karthik Deshmukh,MALE,20,IT,3,2021-2022,81.27,6.5,71.64,74.24,75.26,1,6.79,B,MEDIUM,73.71,0.0,NORMAL,0.7526,72.94,0.2,MODERATE,0.1,0.225
2023it044,Karthik Deshmukh,MALE,20,IT,4,2021-2022,76.23,6.59,57.07,78.0,62.48,0,6.53,B,MEDIUM,65.85,0.0,NORMAL,0.6248,67.54,0.0,NONE,0.09,0.227
2023it044,Karthik Deshmukh,MALE,21,IT,5,2022-2023,79.03,6.58,62.35,76.41,73.11,0,6.67,B,MEDIUM,70.62,0.0,NORMAL,0.7311,69.38,0.0,NONE,-0.01,0.2142
2023it044,Karthik Deshmukh,MALE,21,IT,6,2022-2023,74.88,6.6,70.65,76.28,61.91,0,6.75,B,MEDIUM,69.61,0.0016,AT_RISK,0.6191,73.46,0.0,NONE,0.02,0.204
2023it044,Karthik Deshmukh,MALE,22,IT,7,2023-2024,86.73,6.62,78.18,75.42,64.44,1,6.84,B,MEDIUM,72.68,0.0,NORMAL,0.6444,76.8,0.2,MODERATE,0.02,0.1962
2023it044,Karthik Deshmukh,MALE,22,IT,8,2023-2024,87.69,6.65,75.31,69.87,67.09,0,6.63,B,MEDIUM,70.76,0.0,NORMAL,0.6709,72.59,0.0,NONE,0.03,0.1913
2023ds045,Nikhil Gupta,MALE,20,DS,1,2020-2021,81.7,7.27,81.76,63.26,63.43,1,7.16,A,LOW,69.48,0.0,NORMAL,0.6343,72.51,0.2,MODERATE,0.0,0.0
2023ds045,Nikhil Gupta,MALE,20,DS,2,2020-2021,81.53,7.16,67.46,77.71,68.47,0,7.5,A,LOW,71.21,0.0,NORMAL,0.6847,72.58,0.0,NONE,-0.11,0.0
2023ds045,Nikhil Gupta,MALE,21,DS,3,2021-2022,85.05,7.33,68.54,84.41,68.47,1,7.23,A,LOW,73.81,0.0,NORMAL,0.6847,76.47,0.2,MODERATE,0.17,0.0862
2023ds045,Nikhil Gupta,MALE,21,DS,4,2021-2022,83.51,7.3,79.26,80.82,71.66,0,7.3,A,LOW,77.25,0.0,NORMAL,0.7166,80.04,0.0,NONE,-0.03,0.0742
2023ds045,Nikhil Gupta,MALE,22,DS,5,2022-2023,84.13,7.3,67.37,83.52,72.18,0,7.27,A,LOW,74.36,0.0,NORMAL,0.7218,75.44,0.0,NONE,0.0,0.0661
2023ds045,Nikhil Gupta,MALE,22,DS,6,2022-2023,83.0,7.29,63.34,65.6,77.5,0,7.03,A,LOW,68.81,0.0,NORMAL,0.775,64.47,0.0,NONE,-0.01,0.0596
2023eee046,Siddharth Iyer,MALE,20,EEE,1,2020-2021,73.09,6.4,64.33,68.22,63.41,0,6.64,B,MEDIUM,65.32,0.0255,AT_RISK,0.6341,66.28,0.0,NONE,0.0,0.0
2023eee046,Siddharth Iyer,MALE,20,EEE,2,2020-2021,76.83,6.64,53.87,71.41,58.2,0,6.37,B,MEDIUM,61.16,0.0,NORMAL,0.582,62.64,0.0,NONE,0.24,0.0
2023eee046,Siddharth Iyer,MALE,21,EEE,3,2021-2022,87.76,6.5,67.03,66.43,70.64,0,6.5,B,MEDIUM,68.03,0.0,NORMAL,0.7064,66.73,0.0,NONE,-0.14,0.1206
2023eee046,Siddharth Iyer,MALE,21,EEE,4,2021-2022,88.74,6.5,65.33,66.6,67.46,0,6.66,B,MEDIUM,66.46,0.0,NORMAL,0.6746,65.96,0.0,NONE,0.0,0.0987
2023civil047,Pranav Rao,MALE,19,CIVIL,1,2020-2021,57.66,5.83,54.39,45.77,44.88,0,5.21,C,HIGH,48.35,0.2312,CRITICAL,0.4488,50.08,0.0,NONE,0.0,0.0
2023civil047,Pranav Rao,MALE,19,CIVIL,2,2020-2021,45.41,5.21,59.18,40.22,47.97,0,5.03,C,HIGH,49.12,0.3945,CRITICAL,0.4797,49.7,0.0,NONE,-0.62,0.0
2023civil047,Pranav Rao,MALE,20,CIVIL,3,2021-2022,52.27,5.12,50.62,50.89,46.16,0,5.0,C,HIGH,49.22,0.3031,CRITICAL,0.4616,50.76,0.0,NONE,-0.09,0.3866
2023civil047,Pranav Rao,MALE,20,CIVIL,4,2021-2022,49.94,5.08,43.12,54.25,51.53,1,4.94,C,HIGH,49.63,0.3341,CRITICAL,0.5153,48.68,0.2,MODERATE,-0.04,0.3509
2023civil047,Pranav Rao,MALE,21,CIVIL,5,2022-2023,49.22,5.04,50.53,44.58,42.59,2,4.43,C,HIGH,45.9,0.3437,CRITICAL,0.4259,47.56,0.4,MODERATE,-0.04,0.327
2023ece048,Nikhil Patel,MALE,20,ECE,1,2020-2021,82.01,7.86,81.77,88.46,90.8,0,8.22,A+,LOW,87.01,0.0,NORMAL,0.908,85.12,0.0,NONE,0.0,0.0
2023ece048,Nikhil Patel,MALE,20,ECE,2,2020-2021,86.52,8.22,95.49,86.72,97.62,0,8.79,A+,LOW,93.28,0.0,NORMAL,0.9762,91.1,0.0,NONE,0.36,0.0
2023ece048,Nikhil Patel,MALE,21,ECE,3,2021-2022,78.9,8.5,90.13,87.9,91.06,0,8.83,A+,LOW,89.7,0.0,NORMAL,0.9106,89.02,0.0,NONE,0.28,0.3208
2023ece048,Nikhil Patel,MALE,21,ECE,4,2021-2022,86.06,8.61,78.59,84.69,80.36,0,8.29,A+,LOW,81.21,0.0,NORMAL,0.8036,81.64,0.0,NONE,0.11,0.3347
2023ece048,Nikhil Patel,MALE,22,ECE,5,2022-2023,89.63,8.53,96.29,88.64,78.63,0,8.68,A+,LOW,87.85,0.0,NORMAL,0.7863,92.46,0.0,NONE,-0.08,0.3079
2023ece048,Nikhil Patel,MALE,22,ECE,6,2022-2023,92.73,8.56,82.95,85.8,84.68,0,8.36,A+,LOW,84.48,0.0,NORMAL,0.8468,84.38,0.0,NONE,0.03,0.2892
2023eee049,Rahul Sharma,MALE,20,EEE,1,2020-2021,92.6,7.18,75.54,78.78,71.63,0,7.22,A,LOW,75.32,0.0,NORMAL,0.7163,77.16,0.0,NONE,0.0,0.0
2023eee049,Rahul Sharma,MALE,20,EEE,2,2020-2021,93.29,7.22,74.23,86.82,74.07,1,7.24,A,LOW,78.37,0.0,NORMAL,0.7407,80.53,0.2,MODERATE,0.04,0.0
2023eee049,Rahul Sharma,MALE,21,EEE,3,2021-2022,94.53,7.23,68.15,66.09,68.44,0,7.3,A,LOW,67.56,0.0,NORMAL,0.6844,67.12,0.0,NONE,0.01,0.0265
2023eee049,Rahul Sharma,MALE,21,EEE,4,2021-2022,88.99,7.25,92.21,73.47,76.99,0,7.88,A,LOW,80.89,0.0,NORMAL,0.7699,82.84,0.0,NONE,0.02,0.0294
2023eee049,Rahul Sharma,MALE,22,EEE,5,2022-2023,99.61,7.41,89.42,84.3,81.19,0,7.95,A,LOW,84.97,0.0,NORMAL,0.8119,86.86,0.0,NONE,0.16,0.0887
2023ds050,Vikram Sharma,MALE,19,DS,1,2020-2021,68.39,5.72,43.3,41.7,48.0,0,5.19,C,HIGH,44.33,0.0881,AT_RISK,0.48,42.5,0.0,NONE,0.0,0.0
2023ds050,Vikram Sharma,MALE,19,DS,2,2020-2021,60.64,5.19,49.38,50.93,48.46,2,4.89,C,HIGH,49.59,0.1915,CRITICAL,0.4846,50.16,0.4,MODERATE,-0.53,0.0
2023ds050,Vikram Sharma,MALE,20,DS,3,2021-2022,55.08,5.04,42.63,39.49,38.68,3,3.86,C,HIGH,40.27,0.2656,CRITICAL,0.3868,41.06,0.6,SEVERE,-0.15,0.3573
2023ds050,Vikram Sharma,MALE,20,DS,4,2021-2022,56.34,4.65,51.47,46.17,42.89,0,5.02,C,HIGH,46.84,0.2488,CRITICAL,0.4289,48.82,0.0,NONE,-0.39,0.4429
2023eee051,Siddharth Gupta,MALE,20,EEE,1,2020-2021,79.61,5.79,63.45,58.59,54.21,4,4.73,C,HIGH,58.75,0.0,NORMAL,0.5421,61.02,0.8,SEVERE,0.0,0.0
2023eee051,Siddharth Gupta,MALE,20,EEE,2,2020-2021,80.96,4.73,72.2,70.16,56.57,1,4.98,C,HIGH,66.31,0.0,NORMAL,0.5657,71.18,0.2,MODERATE,-1.06,0.0
2023eee051,Siddharth Gupta,MALE,21,EEE,3,2021-2022,79.06,4.86,51.23,63.78,58.27,2,4.64,C,HIGH,57.76,0.0,NORMAL,0.5827,57.5,0.4,MODERATE,0.13,0.5781
2023eee051,Siddharth Gupta,MALE,21,EEE,4,2021-2022,74.0,4.78,65.86,59.58,53.16,2,4.15,C,HIGH,59.53,0.0133,AT_RISK,0.5316,62.72,0.4,MODERATE,-0.08,0.5029
2023eee051,Siddharth Gupta,MALE,22,EEE,5,2022-2023,82.16,4.62,74.36,73.69,56.72,2,4.84,C,HIGH,68.26,0.0,NORMAL,0.5672,74.03,0.4,MODERATE,-0.16,0.4743
2023eee051,Siddharth Gupta,MALE,22,EEE,6,2022-2023,86.03,4.67,58.68,66.48,62.84,3,4.8,C,HIGH,62.67,0.0,NORMAL,0.6284,62.58,0.6,SEVERE,0.05,0.44
2023eee051,Siddharth Gupta,MALE,23,EEE,7,2023-2024,85.64,4.69,64.39,60.34,54.88,1,4.89,C,HIGH,59.87,0.0,NORMAL,0.5488,62.36,0.2,MODERATE,0.02,0.41
2023eee051,Siddharth Gupta,MALE,23,EEE,8,2023-2024,89.39,4.72,72.03,61.73,66.47,1,5.2,C,HIGH,66.74,0.0,NORMAL,0.6647,66.88,0.2,MODERATE,0.03,0.3837
2023it052,Vikram Chopra,MALE,18,IT,1,2020-2021,93.43,8.77,83.75,73.69,92.88,0,8.78,A+,LOW,83.44,0.0,NORMAL,0.9288,78.72,0.0,NONE,0.0,0.0
2023it052,Vikram Chopra,MALE,18,IT,2,2020-2021,91.93,8.78,88.41,91.1,80.65,0,8.61,A+,LOW,86.72,0.0,NORMAL,0.8065,89.76,0.0,NONE,0.01,0.0
2023it052,Vikram Chopra,MALE,19,IT,3,2021-2022,95.79,8.7,80.26,89.54,81.68,0,8.66,A+,LOW,83.83,0.0,NORMAL,0.8168,84.9,0.0,NONE,-0.08,0.0436
2023it052,Vikram Chopra,MALE,19,IT,4,2021-2022,92.02,8.68,77.87,94.54,84.79,0,8.47,A+,LOW,85.73,0.0,NORMAL,0.8479,86.21,0.0,NONE,-0.02,0.0499
2023it052,Vikram Chopra,MALE,20,IT,5,2022-2023,92.51,8.63,94.22,81.24,88.77,0,8.79,A+,LOW,88.08,0.0,NORMAL,0.8877,87.73,0.0,NONE,-0.05,0.063
2023it052,Vikram Chopra,MALE,20,IT,6,2022-2023,94.03,8.66,88.16,84.9,84.32,0,8.64,A+,LOW,85.79,0.0,NORMAL,0.8432,86.53,0.0,NONE,0.03,0.0602
2023mech053,Rhea Verma,FEMALE,20,MECH,1,2020-2021,91.7,8.57,73.44,93.59,95.14,0,8.2,A+,LOW,87.39,0.0,NORMAL,0.9514,83.52,0.0,NONE,0.0,0.0
2023mech053,Rhea Verma,FEMALE,20,MECH,2,2020-2021,92.66,8.2,95.04,100.0,90.72,0,8.57,A+,LOW,95.25,0.0,NORMAL,0.9072,97.52,0.0,NONE,-0.37,0.0
2023mech053,Rhea Verma,FEMALE,21,MECH,3,2021-2022,96.67,8.38,99.92,87.8,86.62,0,8.57,A+,LOW,91.45,0.0,NORMAL,0.8662,93.86,0.0,NONE,0.18,0.185
2023mech053,Rhea Verma,FEMALE,21,MECH,4,2021-2022,94.3,8.45,92.76,100.0,92.23,0,8.81,A+,LOW,95.0,0.0,NORMAL,0.9223,96.38,0.0,NONE,0.07,0.1547
2023mech053,Rhea Verma,FEMALE,22,MECH,5,2022-2023,97.65,8.54,83.0,97.68,90.23,0,8.7,A+,LOW,90.3,0.0,NORMAL,0.9023,90.34,0.0,NONE,0.09,0.1479
2023ai054,Aditya Deshmukh,MALE,18,AI,1,2020-2021,62.11,6.24,44.0,37.69,41.19,3,4.86,C,HIGH,40.96,0.1719,CRITICAL,0.4119,40.84,0.6,SEVERE,0.0,0.0
2023ai054,Aditya Deshmukh,MALE,18,AI,2,2020-2021,47.56,4.86,32.46,46.6,39.98,1,4.63,C,HIGH,39.68,0.3659,CRITICAL,0.3998,39.53,0.2,MODERATE,-1.38,0.0
2023ai054,Aditya Deshmukh,MALE,19,AI,3,2021-2022,49.2,4.75,37.29,47.66,43.66,1,4.49,C,HIGH,42.87,0.344,CRITICAL,0.4366,42.47,0.2,MODERATE,-0.11,0.8303
2023ai054,Aditya Deshmukh,MALE,19,AI,4,2021-2022,44.59,4.66,33.78,35.0,48.47,1,4.08,C,HIGH,39.08,0.4055,CRITICAL,0.4847,34.39,0.2,MODERATE,-0.09,0.7462
2023ai054,Aditya Deshmukh,MALE,20,AI,5,2022-2023,38.8,4.52,32.01,40.28,53.63,1,3.97,C,HIGH,41.97,0.4827,CRITICAL,0.5363,36.14,0.2,MODERATE,-0.14,0.701
2023ai054,Aditya Deshmukh,MALE,20,AI,6,2022-2023,38.28,4.41,45.1,36.15,45.58,1,3.89,C,HIGH,42.28,0.4896,CRITICAL,0.4558,40.62,0.2,MODERATE,-0.11,0.6725
2023ai054,Aditya Deshmukh,MALE,21,AI,7,2023-2024,37.67,4.32,34.39,41.42,49.26,1,4.56,C,HIGH,41.69,0.4977,CRITICAL,0.4926,37.9,0.2,MODERATE,-0.09,0.6528
2023ai054,Aditya Deshmukh,MALE,21,AI,8,2023-2024,36.04,4.35,36.35,35.56,41.55,1,3.96,C,HIGH,37.82,0.5195,CRITICAL,0.4155,35.96,0.2,MODERATE,0.03,0.627
2023cs055,Ishita Gupta,FEMALE,19,CS,1,2020-2021,92.96,8.52,96.69,100.0,90.46,0,9.15,O,LOW,95.72,0.0,NORMAL,0.9046,98.34,0.0,NONE,0.0,0.0
2023cs055,Ishita Gupta,FEMALE,19,CS,2,2020-2021,99.8,9.15,95.16,83.14,92.45,0,9.37,O,LOW,90.25,0.0,NORMAL,0.9245,89.15,0.0,NONE,0.63,0.0
2023cs055,Ishita Gupta,FEMALE,20,CS,3,2021-2022,94.82,9.26,90.06,93.03,99.69,0,9.46,O,LOW,94.26,0.0,NORMAL,0.9969,91.54,0.0,NONE,0.11,0.3993
2023cs055,Ishita Gupta,FEMALE,20,CS,4,2021-2022,94.33,9.33,94.05,93.9,90.88,0,9.63,O,LOW,92.94,0.0,NORMAL,0.9088,93.98,0.0,NONE,0.07,0.3708
2023mech056,Sneha Iyer,FEMALE,20,MECH,1,2020-2021,76.7,8.08,84.14,85.97,81.7,0,8.11,A+,LOW,83.94,0.0,NORMAL,0.817,85.06,0.0,NONE,0.0,0.0
2023mech056,Sneha Iyer,FEMALE,20,MECH,2,2020-2021,79.88,8.11,76.83,71.55,78.33,0,7.66,A,LOW,75.57,0.0,NORMAL,0.7833,74.19,0.0,NONE,0.03,0.0
2023mech056,Sneha Iyer,FEMALE,21,MECH,3,2021-2022,83.28,7.88,74.32,78.32,78.12,0,7.76,A,LOW,76.92,0.0,NORMAL,0.7812,76.32,0.0,NONE,-0.23,0.125
2023mech056,Sneha Iyer,FEMALE,21,MECH,4,2021-2022,81.15,7.84,74.4,82.47,69.98,0,7.73,A,LOW,75.62,0.0,NORMAL,0.6998,78.44,0.0,NONE,-0.04,0.1372
2023mech056,Sneha Iyer,FEMALE,22,MECH,5,2022-2023,86.83,7.82,71.38,73.31,79.28,0,7.73,A,LOW,74.66,0.0,NORMAL,0.7928,72.34,0.0,NONE,-0.02,0.1381
2023mech056,Sneha Iyer,FEMALE,22,MECH,6,2022-2023,80.74,7.8,80.45,81.32,82.26,0,8.02,A+,LOW,81.34,0.0,NORMAL,0.8226,80.88,0.0,NONE,-0.02,0.1372
2023mech056,Sneha Iyer,FEMALE,23,MECH,7,2023-2024,78.64,7.84,81.69,89.05,76.04,0,7.77,A,LOW,82.26,0.0,NORMAL,0.7604,85.37,0.0,NONE,0.04,0.129
2023it057,Siddharth Rao,MALE,19,IT,1,2020-2021,83.95,8.0,77.94,65.63,83.11,0,7.75,A,LOW,75.56,0.0,NORMAL,0.8311,71.78,0.0,NONE,0.0,0.0
2023it057,Siddharth Rao,MALE,19,IT,2,2020-2021,78.74,7.75,80.44,79.59,82.42,0,7.8,A,LOW,80.82,0.0,NORMAL,0.8242,80.02,0.0,NONE,-0.25,0.0
2023it057,Siddharth Rao,MALE,20,IT,3,2021-2022,80.73,7.78,76.68,82.67,81.95,0,7.7,A,LOW,80.43,0.0,NORMAL,0.8195,79.68,0.0,NONE,0.03,0.1365
2023it057,Siddharth Rao,MALE,20,IT,4,2021-2022,82.6,7.75,74.81,82.87,80.71,0,8.2,A+,LOW,79.46,0.0,NORMAL,0.8071,78.84,0.0,NONE,-0.03,0.1208
2023it057,Siddharth Rao,MALE,21,IT,5,2022-2023,76.94,7.86,75.72,77.7,77.36,0,7.95,A,LOW,76.93,0.0,NORMAL,0.7736,76.71,0.0,NONE,0.11,0.1062
2023it057,Siddharth Rao,MALE,21,IT,6,2022-2023,70.94,7.88,71.28,71.2,83.63,0,8.12,A+,LOW,75.37,0.0541,AT_RISK,0.8363,71.24,0.0,NONE,0.02,0.0973
2023it057,Siddharth Rao,MALE,22,IT,7,2023-2024,76.56,7.92,76.38,77.81,84.68,0,7.77,A,LOW,79.62,0.0,NORMAL,0.8468,77.1,0.0,NONE,0.04,0.0942
2023cs058,Karthik Patel,MALE,19,CS,1,2020-2021,96.7,9.28,100.0,97.61,95.8,0,9.67,O,LOW,97.8,0.0,NORMAL,0.958,98.8,0.0,NONE,0.0,0.0
2023cs058,Karthik Patel,MALE,19,CS,2,2020-2021,84.43,9.67,98.42,90.43,85.7,0,9.54,O,LOW,91.52,0.0,NORMAL,0.857,94.43,0.0,NONE,0.39,0.0
2023cs058,Karthik Patel,MALE,20,CS,3,2021-2022,100.0,9.61,93.28,99.82,100.0,0,9.95,O,LOW,97.7,0.0,NORMAL,1.0,96.55,0.0,NONE,-0.06,0.21
2023cs058,Karthik Patel,MALE,20,CS,4,2021-2022,100.0,9.72,98.3,94.3,86.84,0,9.48,O,LOW,93.15,0.0,NORMAL,0.8684,96.3,0.0,NONE,0.11,0.1985
2023cs058,Karthik Patel,MALE,21,CS,5,2022-2023,90.38,9.66,100.0,92.55,95.46,0,9.74,O,LOW,96.0,0.0,NORMAL,0.9546,96.28,0.0,NONE,-0.06,0.1766
2023cs058,Karthik Patel,MALE,21,CS,6,2022-2023,93.43,9.68,100.0,89.62,95.82,0,9.47,O,LOW,95.15,0.0,NORMAL,0.9582,94.81,0.0,NONE,0.02,0.1623
2023cs058,Karthik Patel,MALE,22,CS,7,2023-2024,87.48,9.64,89.43,92.88,92.7,0,9.32,O,LOW,91.67,0.0,NORMAL,0.927,91.16,0.0,NONE,-0.04,0.1488
2023cs058,Karthik Patel,MALE,22,CS,8,2023-2024,86.63,9.6,92.36,83.83,98.65,0,9.47,O,LOW,91.61,0.0,NORMAL,0.9865,88.1,0.0,NONE,-0.04,0.1378
2023ds059,Aditya Chopra,MALE,19,DS,1,2020-2021,75.33,7.5,63.94,61.29,67.63,1,7.1,A,LOW,64.29,0.0,NORMAL,0.6763,62.61,0.2,MODERATE,0.0,0.0
2023ds059,Aditya Chopra,MALE,19,DS,2,2020-2021,73.2,7.1,66.26,64.61,69.39,0,6.98,B,MEDIUM,66.75,0.024,AT_RISK,0.6939,65.44,0.0,NONE,-0.4,0.0
2023ds059,Aditya Chopra,MALE,20,DS,3,2021-2022,77.23,7.04,63.42,60.56,71.41,0,6.86,B,MEDIUM,65.13,0.0,NORMAL,0.7141,61.99,0.0,NONE,-0.06,0.2501
2023ds059,Aditya Chopra,MALE,20,DS,4,2021-2022,87.37,6.98,64.74,60.85,58.46,0,6.27,B,MEDIUM,61.35,0.0,NORMAL,0.5846,62.8,0.0,NONE,-0.06,0.2352
2023ds059,Aditya Chopra,MALE,21,DS,5,2022-2023,72.96,6.8,66.47,67.92,58.13,2,6.3,B,MEDIUM,64.17,0.0272,AT_RISK,0.5813,67.19,0.4,MODERATE,-0.18,0.2582
2023eee060,Divya Chopra,FEMALE,18,EEE,1,2020-2021,87.87,6.93,84.1,92.89,87.74,0,7.63,A,LOW,88.24,0.0,NORMAL,0.8774,88.5,0.0,NONE,0.0,0.0
2023eee060,Divya Chopra,FEMALE,18,EEE,2,2020-2021,86.16,7.63,70.27,78.87,82.2,0,7.49,A,LOW,77.11,0.0,NORMAL,0.822,74.57,0.0,NONE,0.7,0.0
2023eee060,Divya Chopra,FEMALE,19,EEE,3,2021-2022,89.13,7.56,83.6,81.79,80.01,1,7.58,A,LOW,81.8,0.0,NORMAL,0.8001,82.7,0.2,MODERATE,-0.07,0.3855
2023eee060,Divya Chopra,FEMALE,19,EEE,4,2021-2022,91.34,7.57,76.56,91.57,82.77,0,7.89,A,LOW,83.63,0.0,NORMAL,0.8277,84.06,0.0,NONE,0.01,0.3298
2023mech061,Nikhil Iyer,MALE,18,MECH,1,2020-2021,81.18,7.0,78.63,82.95,78.42,1,7.02,A,LOW,80.0,0.0,NORMAL,0.7842,80.79,0.2,MODERATE,0.0,0.0
2023mech061,Nikhil Iyer,MALE,18,MECH,2,2020-2021,80.29,7.02,70.62,78.13,76.82,0,7.18,A,LOW,75.19,0.0,NORMAL,0.7682,74.38,0.0,NONE,0.02,0.0
2023mech061,Nikhil Iyer,MALE,19,MECH,3,2021-2022,78.82,7.1,66.44,74.43,77.45,1,6.97,B,MEDIUM,72.77,0.0,NORMAL,0.7745,70.44,0.2,MODERATE,0.08,0.0529
2023mech061,Nikhil Iyer,MALE,19,MECH,4,2021-2022,75.72,7.06,85.57,72.78,81.83,0,7.53,A,LOW,80.06,0.0,NORMAL,0.8183,79.18,0.0,NONE,-0.04,0.0443
2023mech061,Nikhil Iyer,MALE,20,MECH,5,2022-2023,77.74,7.17,88.87,71.06,81.58,1,7.48,A,LOW,80.5,0.0,NORMAL,0.8158,79.96,0.2,MODERATE,0.11,0.0678
2023mech062,Divya Patel,FEMALE,20,MECH,1,2020-2021,85.27,7.72,82.27,72.42,75.37,0,7.75,A,LOW,76.69,0.0,NORMAL,0.7537,77.34,0.0,NONE,0.0,0.0
2023mech062,Divya Patel,FEMALE,20,MECH,2,2020-2021,87.38,7.75,78.76,78.66,65.19,0,7.84,A,LOW,74.2,0.0,NORMAL,0.6519,78.71,0.0,NONE,0.03,0.0
2023mech062,Divya Patel,FEMALE,21,MECH,3,2021-2022,81.23,7.79,80.08,80.64,68.48,0,7.62,A,LOW,76.4,0.0,NORMAL,0.6848,80.36,0.0,NONE,0.04,0.0351
2023mech062,Divya Patel,FEMALE,21,MECH,4,2021-2022,83.43,7.74,72.58,72.02,77.83,0,7.89,A,LOW,74.14,0.0,NORMAL,0.7783,72.3,0.0,NONE,-0.05,0.0294
2023mech062,Divya Patel,FEMALE,22,MECH,5,2022-2023,93.41,7.78,70.48,72.6,65.51,0,7.27,A,LOW,69.53,0.0,NORMAL,0.6551,71.54,0.0,NONE,0.04,0.0288
2023mech062,Divya Patel,FEMALE,22,MECH,6,2022-2023,91.65,7.67,83.53,66.43,70.97,0,7.53,A,LOW,73.64,0.0,NORMAL,0.7097,74.98,0.0,NONE,-0.11,0.0436
2023ai063,Karthik Singireddy,MALE,20,AI,1,2020-2021,97.23,8.74,82.52,89.93,85.02,0,8.67,A+,LOW,85.82,0.0,NORMAL,0.8502,86.22,0.0,NONE,0.0,0.0
2023ai063,Karthik Singireddy,MALE,20,AI,2,2020-2021,98.27,8.67,87.41,84.75,86.85,0,8.64,A+,LOW,86.34,0.0,NORMAL,0.8685,86.08,0.0,NONE,-0.07,0.0
2023ai063,Karthik Singireddy,MALE,21,AI,3,2021-2022,94.58,8.66,85.81,96.95,90.2,0,8.77,A+,LOW,90.99,0.0,NORMAL,0.902,91.38,0.0,NONE,-0.01,0.0436
2023ai063,Karthik Singireddy,MALE,21,AI,4,2021-2022,98.83,8.69,85.35,94.39,89.24,0,8.78,A+,LOW,89.66,0.0,NORMAL,0.8924,89.87,0.0,NONE,0.03,0.0356
2023ai063,Karthik Singireddy,MALE,22,AI,5,2022-2023,97.81,8.71,77.91,80.58,81.42,0,8.46,A+,LOW,79.97,0.0,NORMAL,0.8142,79.24,0.0,NONE,0.02,0.0321
2023ai063,Karthik Singireddy,MALE,22,AI,6,2022-2023,100.0,8.66,100.0,91.15,89.9,0,8.57,A+,LOW,93.68,0.0,NORMAL,0.899,95.58,0.0,NONE,-0.05,0.0319
2023ai063,Karthik Singireddy,MALE,23,AI,7,2023-2024,93.8,8.65,82.59,83.59,86.55,0,8.47,A+,LOW,84.24,0.0,NORMAL,0.8655,83.09,0.0,NONE,-0.01,0.0325
2023ai064,Vikram Iyer,MALE,18,AI,1,2020-2021,82.17,9.55,86.68,75.75,83.0,0,9.42,O,LOW,81.81,0.0,NORMAL,0.83,81.22,0.0,NONE,0.0,0.0
2023ai064,Vikram Iyer,MALE,18,AI,2,2020-2021,87.17,9.42,67.39,80.86,87.31,0,9.22,O,LOW,78.52,0.0,NORMAL,0.8731,74.12,0.0,NONE,-0.13,0.0
2023ai064,Vikram Iyer,MALE,19,AI,3,2021-2022,86.7,9.32,85.94,80.17,81.28,0,9.41,O,LOW,82.46,0.0,NORMAL,0.8128,83.06,0.0,NONE,-0.1,0.1153
2023ai064,Vikram Iyer,MALE,19,AI,4,2021-2022,86.37,9.35,84.86,86.15,87.24,0,9.08,O,LOW,86.08,0.0,NORMAL,0.8724,85.5,0.0,NONE,0.03,0.1023
2023ds065,Vikram Nair,MALE,20,DS,1,2020-2021,66.98,5.11,42.23,46.19,43.58,2,4.45,C,HIGH,44.0,0.1069,AT_RISK,0.4358,44.21,0.4,MODERATE,0.0,0.0
2023ds065,Vikram Nair,MALE,20,DS,2,2020-2021,62.83,4.45,46.12,43.68,50.93,3,3.8,C,HIGH,46.91,0.1623,CRITICAL,0.5093,44.9,0.6,SEVERE,-0.66,0.0
2023ds065,Vikram Nair,MALE,21,DS,3,2021-2022,55.78,4.12,50.71,37.7,42.03,3,3.34,C,HIGH,43.48,0.2563,CRITICAL,0.4203,44.2,0.6,SEVERE,-0.33,0.5041
2023ds065,Vikram Nair,MALE,21,DS,4,2021-2022,66.92,3.86,29.6,61.24,50.58,3,3.51,C,HIGH,47.14,0.1077,AT_RISK,0.5058,45.42,0.6,SEVERE,-0.26,0.5403
2023ds065,Vikram Nair,MALE,22,DS,5,2022-2023,59.76,3.77,43.41,44.82,48.53,1,3.96,C,HIGH,45.59,0.2032,CRITICAL,0.4853,44.11,0.2,MODERATE,-0.09,0.5427
2023ds065,Vikram Nair,MALE,22,DS,6,2022-2023,58.9,3.81,39.79,40.07,44.33,1,3.93,C,HIGH,41.4,0.2147,CRITICAL,0.4433,39.93,0.2,MODERATE,0.04,0.5193
2023ds065,Vikram Nair,MALE,23,DS,7,2023-2024,59.47,3.83,22.61,44.19,46.27,2,3.34,C,HIGH,37.69,0.2071,CRITICAL,0.4627,33.4,0.4,MODERATE,0.02,0.4929
2023ds066,Ananya Gupta,FEMALE,18,DS,1,2020-2021,86.82,9.16,90.66,89.6,80.23,0,9.02,O,LOW,86.83,0.0,NORMAL,0.8023,90.13,0.0,NONE,0.0,0.0
2023ds066,Ananya Gupta,FEMALE,18,DS,2,2020-2021,84.12,9.02,75.45,79.97,88.41,0,8.88,A+,LOW,81.28,0.0,NORMAL,0.8841,77.71,0.0,NONE,-0.14,0.0
2023ds066,Ananya Gupta,FEMALE,19,DS,3,2021-2022,89.69,8.95,87.9,86.65,80.89,0,8.85,A+,LOW,85.15,0.0,NORMAL,0.8089,87.28,0.0,NONE,-0.07,0.1069
2023ds066,Ananya Gupta,FEMALE,19,DS,4,2021-2022,90.48,8.92,87.89,90.5,87.64,0,8.97,A+,LOW,88.68,0.0,NORMAL,0.8764,89.2,0.0,NONE,-0.03,0.1069
2023it067,Rahul Sharma,MALE,18,IT,1,2020-2021,84.15,6.88,73.2,68.07,72.8,0,6.84,B,MEDIUM,71.36,0.0,NORMAL,0.728,70.63,0.0,NONE,0.0,0.0
2023it067,Rahul Sharma,MALE,18,IT,2,2020-2021,76.65,6.84,72.24,68.35,72.07,1,6.32,B,MEDIUM,70.89,0.0,NORMAL,0.7207,70.29,0.2,MODERATE,-0.04,0.0
2023it067,Rahul Sharma,MALE,19,IT,3,2021-2022,79.7,6.58,72.85,67.94,76.91,0,7.06,A,LOW,72.57,0.0,NORMAL,0.7691,70.4,0.0,NONE,-0.26,0.1629
2023it067,Rahul Sharma,MALE,19,IT,4,2021-2022,71.9,6.74,68.01,67.98,68.91,0,6.94,B,MEDIUM,68.3,0.0413,AT_RISK,0.6891,68.0,0.0,NONE,0.16,0.1337
2023it067,Rahul Sharma,MALE,20,IT,5,2022-2023,77.04,6.79,70.75,60.31,76.79,1,6.38,B,MEDIUM,69.28,0.0,NORMAL,0.7679,65.53,0.2,MODERATE,0.05,0.1165
2023it067,Rahul Sharma,MALE,20,IT,6,2022-2023,77.55,6.71,73.74,80.24,67.07,0,6.34,B,MEDIUM,73.68,0.0,NORMAL,0.6707,76.99,0.0,NONE,-0.08,0.1067
2023it067,Rahul Sharma,MALE,21,IT,7,2023-2024,77.53,6.65,82.63,79.26,74.66,0,7.03,A,LOW,78.85,0.0,NORMAL,0.7466,80.94,0.0,NONE,-0.06,0.1054
2023ece068,Rahul Iyer,MALE,19,ECE,1,2020-2021,85.3,8.06,64.96,73.66,73.28,0,7.88,A,LOW,70.63,0.0,NORMAL,0.7328,69.31,0.0,NONE,0.0,0.0
2023ece068,Rahul Iyer,MALE,19,ECE,2,2020-2021,93.2,7.88,73.2,67.79,70.62,0,7.2,A,LOW,70.54,0.0,NORMAL,0.7062,70.5,0.0,NONE,-0.18,0.0
2023ece068,Rahul Iyer,MALE,20,ECE,3,2021-2022,79.48,7.54,68.44,67.75,71.51,0,7.14,A,LOW,69.23,0.0,NORMAL,0.7151,68.1,0.0,NONE,-0.34,0.2641
2023ece068,Rahul Iyer,MALE,20,ECE,4,2021-2022,86.84,7.41,70.94,70.88,69.11,0,7.28,A,LOW,70.31,0.0,NORMAL,0.6911,70.91,0.0,NONE,-0.13,0.2998
2023ds069,Sanya Patel,FEMALE,20,DS,1,2020-2021,62.85,6.04,40.59,41.84,44.52,0,5.06,C,HIGH,42.32,0.162,CRITICAL,0.4452,41.22,0.0,NONE,0.0,0.0
2023ds069,Sanya Patel,FEMALE,20,DS,2,2020-2021,55.77,5.06,42.68,50.79,47.36,1,4.7,C,HIGH,46.94,0.2564,CRITICAL,0.4736,46.74,0.2,MODERATE,-0.98,0.0
2023ds069,Sanya Patel,FEMALE,21,DS,3,2021-2022,61.95,4.88,44.47,47.63,45.53,1,4.56,C,HIGH,45.88,0.174,CRITICAL,0.4553,46.05,0.2,MODERATE,-0.18,0.6243
2023ds069,Sanya Patel,FEMALE,21,DS,4,2021-2022,55.71,4.77,30.41,44.23,53.16,1,4.54,C,HIGH,42.6,0.2572,CRITICAL,0.5316,37.32,0.2,MODERATE,-0.11,0.5808
2023ds069,Sanya Patel,FEMALE,22,DS,5,2022-2023,61.4,4.71,52.21,45.32,47.03,2,4.13,C,HIGH,48.19,0.1813,CRITICAL,0.4703,48.76,0.4,MODERATE,-0.06,0.5464
2023ds069,Sanya Patel,FEMALE,22,DS,6,2022-2023,55.78,4.6,48.23,51.76,45.35,0,4.6,C,HIGH,48.45,0.2563,CRITICAL,0.4535,50.0,0.0,NONE,-0.11,0.5284
2023ds069,Sanya Patel,FEMALE,23,DS,7,2023-2024,56.54,4.6,47.89,35.62,34.56,2,3.71,C,HIGH,39.36,0.2461,CRITICAL,0.3456,41.76,0.4,MODERATE,0.0,0.5066
2023ai070,Varun Deshmukh,MALE,20,AI,1,2020-2021,60.77,6.37,53.24,55.4,54.39,2,5.79,C,HIGH,54.34,0.1897,CRITICAL,0.5439,54.32,0.4,MODERATE,0.0,0.0
2023ai070,Varun Deshmukh,MALE,20,AI,2,2020-2021,66.22,5.79,57.72,59.65,50.96,0,5.91,C,HIGH,56.11,0.1171,AT_RISK,0.5096,58.68,0.0,NONE,-0.58,0.0
2023ai070,Varun Deshmukh,MALE,21,AI,3,2021-2022,63.86,5.85,59.57,49.11,48.89,2,5.26,C,HIGH,52.52,0.1485,CRITICAL,0.4889,54.34,0.4,MODERATE,0.06,0.319
2023ai070,Varun Deshmukh,MALE,21,AI,4,2021-2022,64.93,5.65,49.76,49.95,62.28,2,4.85,C,HIGH,54.0,0.1343,CRITICAL,0.6228,49.86,0.4,MODERATE,-0.2,0.3147
2023ai070,Varun Deshmukh,MALE,22,AI,5,2022-2023,69.25,5.45,49.4,58.63,55.01,0,5.57,C,HIGH,54.35,0.0767,AT_RISK,0.5501,54.02,0.0,NONE,-0.2,0.3428
2023ece071,Ananya Patel,FEMALE,19,ECE,1,2020-2021,84.52,8.71,95.39,96.61,91.36,0,9.14,O,LOW,94.45,0.0,NORMAL,0.9136,96.0,0.0,NONE,0.0,0.0
2023ece071,Ananya Patel,FEMALE,19,ECE,2,2020-2021,84.64,9.14,94.99,90.4,83.56,0,9.01,O,LOW,89.65,0.0,NORMAL,0.8356,92.7,0.0,NONE,0.43,0.0
2023ece071,Ananya Patel,FEMALE,20,ECE,3,2021-2022,96.33,9.07,100.0,96.24,95.06,0,9.32,O,LOW,97.1,0.0,NORMAL,0.9506,98.12,0.0,NONE,-0.07,0.2307
2023ece071,Ananya Patel,FEMALE,20,ECE,4,2021-2022,88.86,9.16,89.27,100.0,99.95,0,9.51,O,LOW,96.41,0.0,NORMAL,0.9995,94.64,0.0,NONE,0.09,0.2102
2023ece071,Ananya Patel,FEMALE,21,ECE,5,2022-2023,88.41,9.24,96.47,100.0,99.33,0,9.42,O,LOW,98.6,0.0,NORMAL,0.9933,98.24,0.0,NONE,0.08,0.207
2023ece071,Ananya Patel,FEMALE,21,ECE,6,2022-2023,84.35,9.28,96.95,100.0,90.18,0,9.08,O,LOW,95.71,0.0,NORMAL,0.9018,98.48,0.0,NONE,0.04,0.205
2023ece071,Ananya Patel,FEMALE,22,ECE,7,2023-2024,87.3,9.25,96.64,97.38,97.59,0,9.4,O,LOW,97.2,0.0,NORMAL,0.9759,97.01,0.0,NONE,-0.03,0.1956
2023ece072,Pranav Rao,MALE,20,ECE,1,2020-2021,84.32,7.18,74.12,78.75,82.76,0,7.14,A,LOW,78.54,0.0,NORMAL,0.8276,76.44,0.0,NONE,0.0,0.0
2023ece072,Pranav Rao,MALE,20,ECE,2,2020-2021,78.54,7.14,94.14,84.29,84.43,0,7.52,A,LOW,87.62,0.0,NORMAL,0.8443,89.22,0.0,NONE,-0.04,0.0
2023ece072,Pranav Rao,MALE,21,ECE,3,2021-2022,77.67,7.33,82.36,82.71,89.69,0,7.93,A,LOW,84.92,0.0,NORMAL,0.8969,82.54,0.0,NONE,0.19,0.1002
2023ece072,Pranav Rao,MALE,21,ECE,4,2021-2022,76.58,7.53,86.54,88.05,88.98,2,7.85,A,LOW,87.86,0.0,NORMAL,0.8898,87.3,0.4,MODERATE,0.2,0.1767
2023ece072,Pranav Rao,MALE,22,ECE,5,2022-2023,77.85,7.61,80.64,77.96,82.11,0,7.88,A,LOW,80.24,0.0,NORMAL,0.8211,79.3,0.0,NONE,0.08,0.208
2023ece072,Pranav Rao,MALE,22,ECE,6,2022-2023,86.75,7.66,85.49,84.03,84.04,2,7.31,A,LOW,84.52,0.0,NORMAL,0.8404,84.76,0.4,MODERATE,0.05,0.2232
2023ai073,Tanvi Rao,FEMALE,18,AI,1,2020-2021,83.75,5.52,50.62,61.38,69.21,1,5.51,C,HIGH,60.4,0.0,NORMAL,0.6921,56.0,0.2,MODERATE,0.0,0.0
2023ai073,Tanvi Rao,FEMALE,18,AI,2,2020-2021,76.98,5.51,59.3,60.36,65.96,2,4.85,C,HIGH,61.87,0.0,NORMAL,0.6596,59.83,0.4,MODERATE,-0.01,0.0
2023ai073,Tanvi Rao,FEMALE,19,AI,3,2021-2022,86.22,5.18,54.07,61.01,56.95,3,4.77,C,HIGH,57.34,0.0,NORMAL,0.5695,57.54,0.6,SEVERE,-0.33,0.1935
2023ai073,Tanvi Rao,FEMALE,19,AI,4,2021-2022,76.04,5.04,66.56,75.93,52.28,0,5.61,C,HIGH,64.92,0.0,NORMAL,0.5228,71.24,0.0,NONE,-0.14,0.2407
2023ai073,Tanvi Rao,FEMALE,20,AI,5,2022-2023,82.13,5.18,67.52,65.07,55.89,1,5.44,C,HIGH,62.83,0.0,NORMAL,0.5589,66.29,0.2,MODERATE,0.14,0.2167
2023ai073,Tanvi Rao,FEMALE,20,AI,6,2022-2023,94.34,5.24,64.99,70.45,52.63,0,5.42,C,HIGH,62.69,0.0,NORMAL,0.5263,67.72,0.0,NONE,0.06,0.1948
2023civil074,Kavya Deshmukh,FEMALE,18,CIVIL,1,2020-2021,86.64,7.45,86.51,79.74,76.42,1,7.44,A,LOW,80.89,0.0,NORMAL,0.7642,83.12,0.2,MODERATE,0.0,0.0
2023civil074,Kavya Deshmukh,FEMALE,18,CIVIL,2,2020-2021,78.98,7.44,80.85,82.51,75.72,0,7.54,A,LOW,79.69,0.0,NORMAL,0.7572,81.68,0.0,NONE,-0.01,0.0
2023civil074,Kavya Deshmukh,FEMALE,19,CIVIL,3,2021-2022,84.28,7.49,74.21,76.44,88.48,0,7.67,A,LOW,79.71,0.0,NORMAL,0.8848,75.32,0.0,NONE,0.05,0.0265
2023civil074,Kavya Deshmukh,FEMALE,19,CIVIL,4,2021-2022,81.02,7.55,72.57,80.92,77.08,0,7.48,A,LOW,76.86,0.0,NORMAL,0.7708,76.74,0.0,NONE,0.06,0.0499
2023ece075,Karthik Deshmukh,MALE,20,ECE,1,2020-2021,89.87,7.56,88.44,76.31,70.2,0,7.84,A,LOW,78.32,0.0,NORMAL,0.702,82.38,0.0,NONE,0.0,0.0
2023ece075,Karthik Deshmukh,MALE,20,ECE,2,2020-2021,82.61,7.84,85.05,68.48,83.99,0,7.65,A,LOW,79.17,0.0,NORMAL,0.8399,76.76,0.0,NONE,0.28,0.0
2023ece075,Karthik Deshmukh,MALE,21,ECE,3,2021-2022,89.05,7.75,80.77,74.96,77.5,0,7.9,A,LOW,77.74,0.0,NORMAL,0.775,77.86,0.0,NONE,-0.09,0.1429
2023ece075,Karthik Deshmukh,MALE,21,ECE,4,2021-2022,87.32,7.8,84.58,92.93,71.71,0,8.28,A+,LOW,83.07,0.0,NORMAL,0.7171,88.76,0.0,NONE,0.05,0.1239
2023ds076,Divya Sharma,FEMALE,20,DS,1,2020-2021,88.87,7.42,76.32,73.73,81.16,0,7.74,A,LOW,77.07,0.0,NORMAL,0.8116,75.03,0.0,NONE,0.0,0.0
2023ds076,Divya Sharma,FEMALE,20,DS,2,2020-2021,87.15,7.74,90.37,72.6,82.05,2,7.16,A,LOW,81.67,0.0,NORMAL,0.8205,81.48,0.4,MODERATE,0.32,0.0
2023ds076,Divya Sharma,FEMALE,21,DS,3,2021-2022,88.31,7.45,86.23,78.38,69.09,0,7.59,A,LOW,77.9,0.0,NORMAL,0.6909,82.3,0.0,NONE,-0.29,0.1767
2023ds076,Divya Sharma,FEMALE,21,DS,4,2021-2022,87.8,7.5,82.93,87.92,76.75,0,7.91,A,LOW,82.53,0.0,NORMAL,0.7675,85.43,0.0,NONE,0.05,0.1455
2023ds076,Divya Sharma,FEMALE,22,DS,5,2022-2023,90.02,7.6,69.43,82.02,79.59,0,7.63,A,LOW,77.01,0.0,NORMAL,0.7959,75.72,0.0,NONE,0.1,0.1301
2023ds076,Divya Sharma,FEMALE,22,DS,6,2022-2023,85.84,7.61,76.78,75.65,82.28,0,7.49,A,LOW,78.24,0.0,NORMAL,0.8228,76.22,0.0,NONE,0.01,0.1196
2023ds077,Aditya Deshmukh,MALE,20,DS,1,2020-2021,81.71,6.83,73.57,62.6,73.2,0,7.0,A,LOW,69.79,0.0,NORMAL,0.732,68.08,0.0,NONE,0.0,0.0
2023ds077,Aditya Deshmukh,MALE,20,DS,2,2020-2021,78.4,7.0,65.06,76.29,64.97,1,6.59,B,MEDIUM,68.77,0.0,NORMAL,0.6497,70.68,0.2,MODERATE,0.17,0.0
2023ds077,Aditya Deshmukh,MALE,21,DS,3,2021-2022,86.41,6.79,73.45,67.24,66.88,0,7.12,A,LOW,69.19,0.0,NORMAL,0.6688,70.34,0.0,NONE,-0.21,0.1115
2023ds077,Aditya Deshmukh,MALE,21,DS,4,2021-2022,90.76,6.9,74.25,68.89,65.83,0,6.74,B,MEDIUM,69.66,0.0,NORMAL,0.6583,71.57,0.0,NONE,0.11,0.092
2023ds077,Aditya Deshmukh,MALE,22,DS,5,2022-2023,85.15,6.86,70.51,76.41,73.12,1,6.5,B,MEDIUM,73.35,0.0,NORMAL,0.7312,73.46,0.2,MODERATE,-0.04,0.0802
2023ds077,Aditya Deshmukh,MALE,22,DS,6,2022-2023,86.52,6.79,61.64,65.32,71.12,0,7.13,A,LOW,66.03,0.0,NORMAL,0.7112,63.48,0.0,NONE,-0.07,0.0799
2023ds077,Aditya Deshmukh,MALE,23,DS,7,2023-2024,94.0,6.85,70.89,66.15,72.54,1,6.84,B,MEDIUM,69.86,0.0,NORMAL,0.7254,68.52,0.2,MODERATE,0.06,0.073
2023ds077,Aditya Deshmukh,MALE,23,DS,8,2023-2024,79.53,6.85,77.65,68.26,72.36,1,6.9,B,MEDIUM,72.76,0.0,NORMAL,0.7236,72.96,0.2,MODERATE,0.0,0.0677
2023cs078,Vikram Reddy,MALE,20,CS,1,2020-2021,85.63,7.04,70.06,61.33,62.72,0,6.58,B,MEDIUM,64.7,0.0,NORMAL,0.6272,65.69,0.0,NONE,0.0,0.0
2023cs078,Vikram Reddy,MALE,20,CS,2,2020-2021,84.73,6.58,69.22,67.29,73.89,0,6.77,B,MEDIUM,70.13,0.0,NORMAL,0.7389,68.26,0.0,NONE,-0.46,0.0
2023cs078,Vikram Reddy,MALE,21,CS,3,2021-2022,84.68,6.67,57.51,61.74,68.99,0,6.71,B,MEDIUM,62.75,0.0,NORMAL,0.6899,59.62,0.0,NONE,0.09,0.2438
2023cs078,Vikram Reddy,MALE,21,CS,4,2021-2022,79.86,6.69,63.15,54.47,63.73,0,6.62,B,MEDIUM,60.45,0.0,NORMAL,0.6373,58.81,0.0,NONE,0.02,0.2024
2023cs078,Vikram Reddy,MALE,22,CS,5,2022-2023,82.37,6.67,66.09,63.39,65.55,0,6.47,B,MEDIUM,65.01,0.0,NORMAL,0.6555,64.74,0.0,NONE,-0.02,0.1785
2023it079,Rhea Iyer,FEMALE,19,IT,1,2020-2021,84.44,6.95,85.98,86.4,81.28,0,7.11,A,LOW,84.55,0.0,NORMAL,0.8128,86.19,0.0,NONE,0.0,0.0
2023it079,Rhea Iyer,FEMALE,19,IT,2,2020-2021,85.12,7.11,80.12,77.82,87.38,0,7.48,A,LOW,81.77,0.0,NORMAL,0.8738,78.97,0.0,NONE,0.16,0.0
2023it079,Rhea Iyer,FEMALE,20,IT,3,2021-2022,84.06,7.29,86.24,86.64,77.08,0,7.92,A,LOW,83.32,0.0,NORMAL,0.7708,86.44,0.0,NONE,0.18,0.1701
2023it079,Rhea Iyer,FEMALE,20,IT,4,2021-2022,79.95,7.5,79.87,82.94,75.03,2,7.24,A,LOW,79.28,0.0,NORMAL,0.7503,81.4,0.4,MODERATE,0.21,0.2367
2023it079,Rhea Iyer,FEMALE,21,IT,5,2022-2023,73.87,7.44,73.51,72.49,89.47,1,7.27,A,LOW,78.49,0.0151,AT_RISK,0.8947,73.0,0.2,MODERATE,-0.06,0.2288
2023it079,Rhea Iyer,FEMALE,21,IT,6,2022-2023,83.21,7.4,77.95,70.92,78.33,0,7.73,A,LOW,75.73,0.0,NORMAL,0.7833,74.44,0.0,NONE,-0.04,0.2127
2023it079,Rhea Iyer,FEMALE,22,IT,7,2023-2024,75.54,7.46,77.42,81.67,86.42,0,7.99,A,LOW,81.84,0.0,NORMAL,0.8642,79.54,0.0,NONE,0.06,0.2056
2023it079,Rhea Iyer,FEMALE,22,IT,8,2023-2024,81.05,7.53,78.1,72.3,81.84,0,7.68,A,LOW,77.41,0.0,NORMAL,0.8184,75.2,0.0,NONE,0.07,0.206
2023ds080,Rohan Rao,MALE,20,DS,1,2020-2021,89.83,8.38,85.08,92.88,90.29,0,8.61,A+,LOW,89.42,0.0,NORMAL,0.9029,88.98,0.0,NONE,0.0,0.0
2023ds080,Rohan Rao,MALE,20,DS,2,2020-2021,91.22,8.61,89.72,85.56,94.99,0,9.0,O,LOW,90.09,0.0,NORMAL,0.9499,87.64,0.0,NONE,0.23,0.0
2023ds080,Rohan Rao,MALE,21,DS,3,2021-2022,87.44,8.8,85.81,82.41,87.29,0,8.68,A+,LOW,85.17,0.0,NORMAL,0.8729,84.11,0.0,NONE,0.19,0.2103
2023ds080,Rohan Rao,MALE,21,DS,4,2021-2022,89.59,8.76,86.14,85.65,91.57,0,8.8,A+,LOW,87.79,0.0,NORMAL,0.9157,85.9,0.0,NONE,-0.04,0.1902
2023ds080,Rohan Rao,MALE,22,DS,5,2022-2023,93.07,8.77,93.02,88.68,89.18,0,9.2,O,LOW,90.29,0.0,NORMAL,0.8918,90.85,0.0,NONE,0.01,0.175
2023ds080,Rohan Rao,MALE,22,DS,6,2022-2023,100.0,8.86,84.44,97.22,94.59,0,8.78,A+,LOW,92.08,0.0,NORMAL,0.9459,90.83,0.0,NONE,0.09,0.1758
2023ds080,Rohan Rao,MALE,23,DS,7,2023-2024,100.0,8.85,100.0,85.79,85.95,0,9.12,O,LOW,90.58,0.0,NORMAL,0.8595,92.9,0.0,NONE,-0.01,0.1706
2023mech081,Varun Nair,MALE,18,MECH,1,2020-2021,78.01,5.65,71.91,70.65,69.51,1,5.7,C,HIGH,70.69,0.0,NORMAL,0.6951,71.28,0.2,MODERATE,0.0,0.0
2023mech081,Varun Nair,MALE,18,MECH,2,2020-2021,83.22,5.7,76.67,68.28,67.34,3,5.18,C,HIGH,70.76,0.0,NORMAL,0.6734,72.47,0.6,SEVERE,0.05,0.0
2023mech081,Varun Nair,MALE,19,MECH,3,2021-2022,83.19,5.44,74.14,70.33,73.18,1,5.85,C,HIGH,72.55,0.0,NORMAL,0.7318,72.24,0.2,MODERATE,-0.26,0.138
2023mech081,Varun Nair,MALE,19,MECH,4,2021-2022,85.49,5.58,65.64,71.62,66.68,2,5.61,C,HIGH,67.98,0.0,NORMAL,0.6668,68.63,0.4,MODERATE,0.14,0.113
2023mech081,Varun Nair,MALE,20,MECH,5,2022-2023,83.86,5.58,72.02,77.77,65.37,1,5.62,C,HIGH,71.72,0.0,NORMAL,0.6537,74.9,0.2,MODERATE,0.0,0.098
2023it082,Karthik Deshmukh,MALE,19,IT,1,2020-2021,96.51,7.01,74.96,58.92,69.79,0,6.83,B,MEDIUM,67.89,0.0,NORMAL,0.6979,66.94,0.0,NONE,0.0,0.0
2023it082,Karthik Deshmukh,MALE,19,IT,2,2020-2021,91.23,6.83,68.77,65.6,62.42,0,6.57,B,MEDIUM,65.6,0.0,NORMAL,0.6242,67.18,0.0,NONE,-0.18,0.0
2023it082,Karthik Deshmukh,MALE,20,IT,3,2021-2022,87.17,6.7,62.35,66.93,62.76,0,6.71,B,MEDIUM,64.01,0.0,NORMAL,0.6276,64.64,0.0,NONE,-0.13,0.1557
2023it082,Karthik Deshmukh,MALE,20,IT,4,2021-2022,97.45,6.7,64.19,69.11,68.84,0,6.82,B,MEDIUM,67.38,0.0,NORMAL,0.6884,66.65,0.0,NONE,0.0,0.1467
2023cs083,Tanvi Chopra,FEMALE,19,CS,1,2020-2021,88.25,7.38,88.2,86.64,77.63,2,7.44,A,LOW,84.16,0.0,NORMAL,0.7763,87.42,0.4,MODERATE,0.0,0.0
2023cs083,Tanvi Chopra,FEMALE,19,CS,2,2020-2021,91.35,7.44,79.09,83.9,87.24,0,7.77,A,LOW,83.41,0.0,NORMAL,0.8724,81.5,0.0,NONE,0.06,0.0
2023cs083,Tanvi Chopra,FEMALE,20,CS,3,2021-2022,91.93,7.61,97.77,78.88,76.92,0,7.98,A,LOW,84.52,0.0,NORMAL,0.7692,88.32,0.0,NONE,0.17,0.1193
2023cs083,Tanvi Chopra,FEMALE,20,CS,4,2021-2022,90.37,7.73,82.13,92.23,77.13,0,8.1,A+,LOW,83.83,0.0,NORMAL,0.7713,87.18,0.0,NONE,0.12,0.1598
2023eee084,Nikhil Singireddy,MALE,18,EEE,1,2020-2021,73.75,7.58,80.61,82.25,66.74,0,7.46,A,LOW,76.53,0.0167,AT_RISK,0.6674,81.43,0.0,NONE,0.0,0.0
2023eee084,Nikhil Singireddy,MALE,18,EEE,2,2020-2021,79.07,7.46,67.7,69.75,70.7,0,6.87,B,MEDIUM,69.38,0.0,NORMAL,0.707,68.72,0.0,NONE,-0.12,0.0
2023eee084,Nikhil Singireddy,MALE,19,EEE,3,2021-2022,75.02,7.17,65.61,66.79,77.79,0,6.88,B,MEDIUM,70.06,0.0,NORMAL,0.7779,66.2,0.0,NONE,-0.29,0.2108
2023eee084,Nikhil Singireddy,MALE,19,EEE,4,2021-2022,77.79,7.07,67.8,67.8,74.52,0,7.13,A,LOW,70.04,0.0,NORMAL,0.7452,67.8,0.0,NONE,-0.1,0.2396
2023eee084,Nikhil Singireddy,MALE,20,EEE,5,2022-2023,76.27,7.08,75.01,67.21,67.51,0,6.82,B,MEDIUM,69.91,0.0,NORMAL,0.6751,71.11,0.0,NONE,0.01,0.2336
2023eee084,Nikhil Singireddy,MALE,20,EEE,6,2022-2023,70.14,7.03,86.62,76.4,63.82,0,6.93,B,MEDIUM,75.61,0.0648,AT_RISK,0.6382,81.51,0.0,NONE,-0.05,0.2311
2023eee084,Nikhil Singireddy,MALE,21,EEE,7,2023-2024,74.82,7.01,71.94,71.95,69.3,0,7.02,A,LOW,71.06,0.0024,AT_RISK,0.693,71.94,0.0,NONE,-0.02,0.227
2023cs085,Divya Sharma,FEMALE,18,CS,1,2020-2021,89.5,7.87,72.22,58.39,70.87,0,7.25,A,LOW,67.16,0.0,NORMAL,0.7087,65.31,0.0,NONE,0.0,0.0
2023cs085,Divya Sharma,FEMALE,18,CS,2,2020-2021,88.25,7.25,89.29,73.59,70.45,0,7.62,A,LOW,77.78,0.0,NORMAL,0.7045,81.44,0.0,NONE,-0.62,0.0
2023cs085,Divya Sharma,FEMALE,19,CS,3,2021-2022,88.84,7.44,73.59,74.71,82.3,0,7.33,A,LOW,76.87,0.0,NORMAL,0.823,74.15,0.0,NONE,0.19,0.3176
2023cs085,Divya Sharma,FEMALE,19,CS,4,2021-2022,88.17,7.4,65.19,74.08,67.43,0,7.11,A,LOW,68.9,0.0,NORMAL,0.6743,69.63,0.0,NONE,-0.04,0.2662
2023cs085,Divya Sharma,FEMALE,20,CS,5,2022-2023,84.46,7.33,76.28,75.94,65.79,0,7.29,A,LOW,72.67,0.0,NORMAL,0.6579,76.11,0.0,NONE,-0.07,0.2414
2023ai086,Aarav Verma,MALE,20,AI,1,2020-2021,78.59,7.33,60.41,66.66,66.61,1,7.22,A,LOW,64.56,0.0,NORMAL,0.6661,63.54,0.2,MODERATE,0.0,0.0
2023ai086,Aarav Verma,MALE,20,AI,2,2020-2021,82.78,7.22,59.51,64.38,73.26,0,7.41,A,LOW,65.72,0.0,NORMAL,0.7326,61.94,0.0,NONE,-0.11,0.0
2023ai086,Aarav Verma,MALE,21,AI,3,2021-2022,74.33,7.31,56.3,78.81,70.1,0,6.96,B,MEDIUM,68.4,0.0089,AT_RISK,0.701,67.56,0.0,NONE,0.09,0.0586
2023ai086,Aarav Verma,MALE,21,AI,4,2021-2022,82.44,7.2,51.58,67.41,69.79,0,7.05,A,LOW,62.93,0.0,NORMAL,0.6979,59.5,0.0,NONE,-0.11,0.0645
2023ai086,Aarav Verma,MALE,22,AI,5,2022-2023,75.87,7.16,67.72,61.65,69.43,0,6.78,B,MEDIUM,66.27,0.0,NORMAL,0.6943,64.68,0.0,NONE,-0.04,0.073
2023ai086,Aarav Verma,MALE,22,AI,6,2022-2023,77.91,7.08,61.04,70.92,72.44,0,6.94,B,MEDIUM,68.13,0.0,NORMAL,0.7244,65.98,0.0,NONE,-0.08,0.0935
2023it087,Siddharth Iyer,MALE,20,IT,1,2020-2021,86.34,7.18,58.51,65.41,67.03,0,7.39,A,LOW,63.65,0.0,NORMAL,0.6703,61.96,0.0,NONE,0.0,0.0
2023it087,Siddharth Iyer,MALE,20,IT,2,2020-2021,81.6,7.39,75.92,73.12,68.68,0,7.67,A,LOW,72.57,0.0,NORMAL,0.6868,74.52,0.0,NONE,0.21,0.0
2023it087,Siddharth Iyer,MALE,21,IT,3,2021-2022,87.39,7.53,69.4,66.75,73.39,0,7.55,A,LOW,69.85,0.0,NORMAL,0.7339,68.08,0.0,NONE,0.14,0.1762
2023it087,Siddharth Iyer,MALE,21,IT,4,2021-2022,83.26,7.54,59.08,65.78,63.28,0,7.02,A,LOW,62.71,0.0,NORMAL,0.6328,62.43,0.0,NONE,0.01,0.1679
2023it087,Siddharth Iyer,MALE,22,IT,5,2022-2023,90.57,7.41,64.18,66.67,67.57,0,7.27,A,LOW,66.14,0.0,NORMAL,0.6757,65.43,0.0,NONE,-0.13,0.1454
2023it087,Siddharth Iyer,MALE,22,IT,6,2022-2023,76.5,7.38,63.22,68.12,73.28,2,6.58,B,MEDIUM,68.21,0.0,NORMAL,0.7328,65.67,0.4,MODERATE,-0.03,0.1307
2023cs088,Rahul Singireddy,MALE,18,CS,1,2020-2021,61.15,5.88,64.6,57.07,54.0,1,5.48,C,HIGH,58.56,0.1847,CRITICAL,0.54,60.83,0.2,MODERATE,0.0,0.0
2023cs088,Rahul Singireddy,MALE,18,CS,2,2020-2021,69.78,5.48,58.18,48.58,64.43,2,5.35,C,HIGH,57.06,0.0696,AT_RISK,0.6443,53.38,0.4,MODERATE,-0.4,0.0
2023cs088,Rahul Singireddy,MALE,19,CS,3,2021-2022,74.99,5.42,55.91,61.53,59.92,1,5.49,C,HIGH,59.12,0.0001,AT_RISK,0.5992,58.72,0.2,MODERATE,-0.06,0.2501
2023cs088,Rahul Singireddy,MALE,19,CS,4,2021-2022,76.92,5.44,59.27,64.16,62.23,2,5.53,C,HIGH,61.89,0.0,NORMAL,0.6223,61.72,0.4,MODERATE,0.02,0.2181
2023cs088,Rahul Singireddy,MALE,20,CS,5,2022-2023,78.92,5.46,69.34,65.1,67.0,2,5.54,C,HIGH,67.15,0.0,NORMAL,0.67,67.22,0.4,MODERATE,0.02,0.1936
2023it089,Aarav Nair,MALE,18,IT,1,2020-2021,76.06,6.91,81.91,77.68,71.37,0,7.11,A,LOW,76.99,0.0,NORMAL,0.7137,79.8,0.0,NONE,0.0,0.0
2023it089,Aarav Nair,MALE,18,IT,2,2020-2021,80.5,7.11,76.17,74.58,75.14,0,7.62,A,LOW,75.3,0.0,NORMAL,0.7514,75.38,0.0,NONE,0.2,0.0
2023it089,Aarav Nair,MALE,19,IT,3,2021-2022,83.41,7.37,74.44,78.95,68.42,2,6.94,B,MEDIUM,73.94,0.0,NORMAL,0.6842,76.69,0.4,MODERATE,0.26,0.2307
2023it089,Aarav Nair,MALE,19,IT,4,2021-2022,86.17,7.22,71.9,68.12,70.33,0,6.92,B,MEDIUM,70.12,0.0,NORMAL,0.7033,70.01,0.0,NONE,-0.15,0.1936
2023it089,Aarav Nair,MALE,20,IT,5,2022-2023,75.6,7.15,70.88,64.67,73.66,1,7.03,A,LOW,69.74,0.0,NORMAL,0.7366,67.78,0.2,MODERATE,-0.07,0.1677
2023it089,Aarav Nair,MALE,20,IT,6,2022-2023,74.92,7.12,82.13,76.08,78.74,0,7.3,A,LOW,78.98,0.0011,AT_RISK,0.7874,79.1,0.0,NONE,-0.03,0.1506
2023it089,Aarav Nair,MALE,21,IT,7,2023-2024,81.78,7.15,66.37,78.26,74.44,0,7.33,A,LOW,73.02,0.0,NORMAL,0.7444,72.32,0.0,NONE,0.03,0.1374
2023civil090,Rohan Singireddy,MALE,19,CIVIL,1,2020-2021,75.91,7.53,65.67,74.63,66.46,0,7.36,A,LOW,68.92,0.0,NORMAL,0.6646,70.15,0.0,NONE,0.0,0.0
2023civil090,Rohan Singireddy,MALE,19,CIVIL,2,2020-2021,74.83,7.36,75.97,63.49,73.97,0,7.4,A,LOW,71.14,0.0023,AT_RISK,0.7397,69.73,0.0,NONE,-0.17,0.0
2023civil090,Rohan Singireddy,MALE,20,CIVIL,3,2021-2022,77.19,7.38,74.22,72.29,68.51,0,7.08,A,LOW,71.67,0.0,NORMAL,0.6851,73.26,0.0,NONE,0.02,0.0929
2023civil090,Rohan Singireddy,MALE,20,CIVIL,4,2021-2022,71.8,7.28,72.66,61.17,71.68,0,7.07,A,LOW,68.5,0.0427,AT_RISK,0.7168,66.91,0.0,NONE,-0.1,0.1044
2023civil090,Rohan Singireddy,MALE,21,CIVIL,5,2022-2023,82.05,7.23,68.59,68.43,74.86,0,7.25,A,LOW,70.63,0.0,NORMAL,0.7486,68.51,0.0,NONE,-0.05,0.1146
2023civil090,Rohan Singireddy,MALE,21,CIVIL,6,2022-2023,80.28,7.23,73.06,61.03,74.99,0,7.27,A,LOW,69.69,0.0,NORMAL,0.7499,67.04,0.0,NONE,0.0,0.1147
2023ece091,Rohan Chopra,MALE,20,ECE,1,2020-2021,85.97,9.29,96.02,97.25,96.58,0,9.51,O,LOW,96.62,0.0,NORMAL,0.9658,96.64,0.0,NONE,0.0,0.0
2023ece091,Rohan Chopra,MALE,20,ECE,2,2020-2021,96.23,9.51,100.0,89.84,100.0,0,9.85,O,LOW,96.61,0.0,NORMAL,1.0,94.92,0.0,NONE,0.22,0.0
2023ece091,Rohan Chopra,MALE,21,ECE,3,2021-2022,92.52,9.68,100.0,100.0,100.0,0,9.86,O,LOW,100.0,0.0,NORMAL,1.0,100.0,0.0,NONE,0.17,0.1955
2023ece091,Rohan Chopra,MALE,21,ECE,4,2021-2022,95.62,9.74,99.05,98.33,95.49,0,10.0,O,LOW,97.62,0.0,NORMAL,0.9549,98.69,0.0,NONE,0.06,0.2017
2023ece091,Rohan Chopra,MALE,22,ECE,5,2022-2023,88.63,9.8,100.0,100.0,90.25,0,9.8,O,LOW,96.75,0.0,NORMAL,0.9025,100.0,0.0,NONE,0.06,0.2062
2023eee092,Rahul Singireddy,MALE,18,EEE,1,2020-2021,76.98,7.86,72.57,74.13,65.58,0,7.55,A,LOW,70.76,0.0,NORMAL,0.6558,73.35,0.0,NONE,0.0,0.0
2023eee092,Rahul Singireddy,MALE,18,EEE,2,2020-2021,93.74,7.55,66.05,62.74,75.95,0,7.68,A,LOW,68.25,0.0,NORMAL,0.7595,64.4,0.0,NONE,-0.31,0.0
2023eee092,Rahul Singireddy,MALE,19,EEE,3,2021-2022,86.48,7.62,75.43,77.41,64.83,0,7.35,A,LOW,72.56,0.0,NORMAL,0.6483,76.42,0.0,NONE,0.07,0.1626
2023eee092,Rahul Singireddy,MALE,19,EEE,4,2021-2022,91.94,7.53,79.74,73.01,64.14,0,7.77,A,LOW,72.3,0.0,NORMAL,0.6414,76.38,0.0,NONE,-0.09,0.1517
2023eee092,Rahul Singireddy,MALE,20,EEE,5,2022-2023,85.44,7.59,67.9,71.96,76.31,0,7.62,A,LOW,72.06,0.0,NORMAL,0.7631,69.93,0.0,NONE,0.06,0.1332
2023eee092,Rahul Singireddy,MALE,20,EEE,6,2022-2023,89.77,7.59,72.96,70.44,71.33,0,6.91,B,MEDIUM,71.58,0.0,NORMAL,0.7133,71.7,0.0,NONE,0.0,0.1203
2023eee092,Rahul Singireddy,MALE,21,EEE,7,2023-2024,87.47,7.48,71.9,63.55,70.47,0,7.2,A,LOW,68.64,0.0,NORMAL,0.7047,67.72,0.0,NONE,-0.11,0.1224
2023ds093,Sanya Iyer,FEMALE,20,DS,1,2020-2021,70.16,5.85,61.51,49.28,51.74,0,5.65,C,HIGH,54.18,0.0645,AT_RISK,0.5174,55.4,0.0,NONE,0.0,0.0
2023ds093,Sanya Iyer,FEMALE,20,DS,2,2020-2021,60.49,5.65,52.82,47.1,46.84,0,5.46,C,HIGH,48.92,0.1935,CRITICAL,0.4684,49.96,0.0,NONE,-0.2,0.0
2023ds093,Sanya Iyer,FEMALE,21,DS,3,2021-2022,63.98,5.55,46.41,56.6,49.33,1,5.16,C,HIGH,50.78,0.1469,CRITICAL,0.4933,51.5,0.2,MODERATE,-0.1,0.1528
2023ds093,Sanya Iyer,FEMALE,21,DS,4,2021-2022,63.9,5.42,50.61,53.54,49.91,1,5.01,C,HIGH,51.35,0.148,CRITICAL,0.4991,52.08,0.2,MODERATE,-0.13,0.1814
2023ds093,Sanya Iyer,FEMALE,22,DS,5,2022-2023,58.96,5.32,45.91,49.33,44.75,1,4.7,C,HIGH,46.66,0.2139,CRITICAL,0.4475,47.62,0.2,MODERATE,-0.1,0.2058
2023ds093,Sanya Iyer,FEMALE,22,DS,6,2022-2023,57.8,5.2,48.44,48.52,52.18,0,5.21,C,HIGH,49.71,0.2293,CRITICAL,0.5218,48.48,0.0,NONE,-0.12,0.2351
2023it094,Nikhil Sharma,MALE,18,IT,1,2020-2021,87.35,7.2,80.24,76.92,79.34,0,7.38,A,LOW,78.83,0.0,NORMAL,0.7934,78.58,0.0,NONE,0.0,0.0
2023it094,Nikhil Sharma,MALE,18,IT,2,2020-2021,81.62,7.38,79.11,75.95,82.27,0,7.64,A,LOW,79.11,0.0,NORMAL,0.8227,77.53,0.0,NONE,0.18,0.0
2023it094,Nikhil Sharma,MALE,19,IT,3,2021-2022,84.59,7.51,79.97,80.84,79.91,0,7.71,A,LOW,80.24,0.0,NORMAL,0.7991,80.4,0.0,NONE,0.13,0.1557
2023it094,Nikhil Sharma,MALE,19,IT,4,2021-2022,78.0,7.58,86.35,72.19,82.75,1,7.58,A,LOW,80.43,0.0,NORMAL,0.8275,79.27,0.2,MODERATE,0.07,0.167
2023it094,Nikhil Sharma,MALE,20,IT,5,2022-2023,81.31,7.58,98.66,84.6,79.53,1,7.75,A,LOW,87.6,0.0,NORMAL,0.7953,91.63,0.2,MODERATE,0.0,0.1619
2023it094,Nikhil Sharma,MALE,20,IT,6,2022-2023,72.65,7.61,81.61,77.09,89.12,0,7.79,A,LOW,82.61,0.0313,AT_RISK,0.8912,79.35,0.0,NONE,0.03,0.1588
2023it094,Nikhil Sharma,MALE,21,IT,7,2023-2024,78.47,7.64,77.87,92.11,82.94,1,8.07,A+,LOW,84.31,0.0,NORMAL,0.8294,84.99,0.2,MODERATE,0.03,0.1576
2023it094,Nikhil Sharma,MALE,21,IT,8,2023-2024,81.37,7.7,84.16,83.48,86.52,0,7.63,A,LOW,84.72,0.0,NORMAL,0.8652,83.82,0.0,NONE,0.06,0.1621
2023civil095,Tanvi Reddy,FEMALE,18,CIVIL,1,2020-2021,85.61,7.94,89.3,83.94,77.62,0,8.07,A+,LOW,83.62,0.0,NORMAL,0.7762,86.62,0.0,NONE,0.0,0.0
2023civil095,Tanvi Reddy,FEMALE,18,CIVIL,2,2020-2021,92.71,8.07,91.3,83.44,89.4,0,8.3,A+,LOW,88.05,0.0,NORMAL,0.894,87.37,0.0,NONE,0.13,0.0
2023civil095,Tanvi Reddy,FEMALE,19,CIVIL,3,2021-2022,78.25,8.19,77.85,92.78,83.28,0,8.25,A+,LOW,84.64,0.0,NORMAL,0.8328,85.32,0.0,NONE,0.12,0.125
2023civil095,Tanvi Reddy,FEMALE,19,CIVIL,4,2021-2022,83.04,8.21,94.41,92.74,95.74,0,8.67,A+,LOW,94.3,0.0,NORMAL,0.9574,93.57,0.0,NONE,0.02,0.1247
2023civil095,Tanvi Reddy,FEMALE,20,CIVIL,5,2022-2023,84.59,8.32,73.47,91.43,78.81,0,8.28,A+,LOW,81.24,0.0,NORMAL,0.7881,82.45,0.0,NONE,0.11,0.1454
2023cs096,Nikhil Iyer,MALE,20,CS,1,2020-2021,76.02,7.02,67.03,65.54,67.62,0,6.78,B,MEDIUM,66.73,0.0,NORMAL,0.6762,66.28,0.0,NONE,0.0,0.0
2023cs096,Nikhil Iyer,MALE,20,CS,2,2020-2021,78.03,6.78,75.48,63.85,71.76,0,7.13,A,LOW,70.36,0.0,NORMAL,0.7176,69.67,0.0,NONE,-0.24,0.0
2023cs096,Nikhil Iyer,MALE,21,CS,3,2021-2022,77.99,6.96,66.08,69.0,76.56,0,7.06,A,LOW,70.55,0.0,NORMAL,0.7656,67.54,0.0,NONE,0.18,0.1249
2023cs096,Nikhil Iyer,MALE,21,CS,4,2021-2022,77.74,6.99,73.2,63.68,74.06,0,7.1,A,LOW,70.31,0.0,NORMAL,0.7406,68.44,0.0,NONE,0.03,0.1078
2023cs096,Nikhil Iyer,MALE,22,CS,5,2022-2023,78.45,7.02,65.17,64.88,73.33,0,7.19,A,LOW,67.79,0.0,NORMAL,0.7333,65.03,0.0,NONE,0.03,0.1004
2023cs096,Nikhil Iyer,MALE,22,CS,6,2022-2023,76.95,7.05,72.86,57.59,67.73,0,6.87,B,MEDIUM,66.06,0.0,NORMAL,0.6773,65.22,0.0,NONE,0.03,0.098
2023ai097,Varun Reddy,MALE,19,AI,1,2020-2021,93.76,9.13,80.21,81.82,87.05,0,8.78,A+,LOW,83.03,0.0,NORMAL,0.8705,81.01,0.0,NONE,0.0,0.0
2023ai097,Varun Reddy,MALE,19,AI,2,2020-2021,88.93,8.78,73.34,82.43,87.87,0,7.99,A,LOW,81.21,0.0,NORMAL,0.8787,77.89,0.0,NONE,-0.35,0.0
2023ai097,Varun Reddy,MALE,20,AI,3,2021-2022,96.37,8.38,83.15,94.64,83.66,0,8.58,A+,LOW,87.15,0.0,NORMAL,0.8366,88.9,0.0,NONE,-0.4,0.3753
2023ai097,Varun Reddy,MALE,20,AI,4,2021-2022,99.42,8.45,73.77,91.16,86.66,0,8.54,A+,LOW,83.86,0.0,NORMAL,0.8666,82.46,0.0,NONE,0.07,0.3441
2023ai097,Varun Reddy,MALE,21,AI,5,2022-2023,100.0,8.47,74.29,97.14,84.15,0,8.54,A+,LOW,85.19,0.0,NORMAL,0.8415,85.72,0.0,NONE,0.02,0.3132
2023ai097,Varun Reddy,MALE,21,AI,6,2022-2023,99.64,8.49,84.49,83.62,87.23,0,8.2,A+,LOW,85.11,0.0,NORMAL,0.8723,84.06,0.0,NONE,0.02,0.2869
2023ai097,Varun Reddy,MALE,22,AI,7,2023-2024,100.0,8.44,84.78,80.5,83.33,0,8.63,A+,LOW,82.87,0.0,NORMAL,0.8333,82.64,0.0,NONE,-0.05,0.2703
2023ece098,Pooja Patel,FEMALE,20,ECE,1,2020-2021,85.71,7.91,80.88,74.35,82.19,0,8.06,A+,LOW,79.14,0.0,NORMAL,0.8219,77.61,0.0,NONE,0.0,0.0
2023ece098,Pooja Patel,FEMALE,20,ECE,2,2020-2021,95.91,8.06,78.01,83.07,78.89,0,8.29,A+,LOW,79.99,0.0,NORMAL,0.7889,80.54,0.0,NONE,0.15,0.0
2023ece098,Pooja Patel,FEMALE,21,ECE,3,2021-2022,86.3,8.18,83.86,78.22,78.08,0,8.12,A+,LOW,80.05,0.0,NORMAL,0.7808,81.04,0.0,NONE,0.12,0.1353
2023ece098,Pooja Patel,FEMALE,21,ECE,4,2021-2022,90.84,8.16,79.02,81.01,86.29,0,8.39,A+,LOW,82.11,0.0,NORMAL,0.8629,80.02,0.0,NONE,-0.02,0.1234
2023ece098,Pooja Patel,FEMALE,22,ECE,5,2022-2023,93.96,8.21,77.31,74.71,83.18,0,8.26,A+,LOW,78.4,0.0,NORMAL,0.8318,76.01,0.0,NONE,0.05,0.1222
2023ece098,Pooja Patel,FEMALE,22,ECE,6,2022-2023,97.04,8.22,76.75,79.0,70.2,0,7.85,A,LOW,75.32,0.0,NORMAL,0.702,77.88,0.0,NONE,0.01,0.1191
2023ece098,Pooja Patel,FEMALE,23,ECE,7,2023-2024,95.79,8.16,77.91,84.55,77.45,0,8.15,A+,LOW,79.97,0.0,NORMAL,0.7745,81.23,0.0,NONE,-0.06,0.1096
2023ece098,Pooja Patel,FEMALE,23,ECE,8,2023-2024,87.87,8.16,81.55,63.09,77.47,0,7.54,A,LOW,74.04,0.0,NORMAL,0.7747,72.32,0.0,NONE,0.0,0.1021
2023it099,Meera Chopra,FEMALE,19,IT,1,2020-2021,100.0,8.63,91.14,89.28,93.76,0,8.65,A+,LOW,91.39,0.0,NORMAL,0.9376,90.21,0.0,NONE,0.0,0.0
2023it099,Meera Chopra,FEMALE,19,IT,2,2020-2021,100.0,8.65,92.39,85.38,91.83,0,8.57,A+,LOW,89.87,0.0,NORMAL,0.9183,88.88,0.0,NONE,0.02,0.0
2023it099,Meera Chopra,FEMALE,20,IT,3,2021-2022,96.01,8.61,83.47,83.95,80.87,0,8.71,A+,LOW,82.76,0.0,NORMAL,0.8087,83.71,0.0,NONE,-0.04,0.02
2023it099,Meera Chopra,FEMALE,20,IT,4,2021-2022,98.93,8.64,89.56,84.03,77.05,0,8.55,A+,LOW,83.55,0.0,NORMAL,0.7705,86.8,0.0,NONE,0.03,0.0171
2023it099,Meera Chopra,FEMALE,21,IT,5,2022-2023,92.96,8.62,87.36,79.56,96.09,0,8.89,A+,LOW,87.67,0.0,NORMAL,0.9609,83.46,0.0,NONE,-0.02,0.0158
2023eee100,Vikram Verma,OTHER,19,EEE,1,2020-2021,79.75,5.63,75.67,63.01,69.42,2,5.69,C,HIGH,69.37,0.0,NORMAL,0.6942,69.34,0.4,MODERATE,0.0,0.0
2023eee100,Vikram Verma,OTHER,19,EEE,2,2020-2021,83.15,5.69,77.1,73.86,68.15,3,5.23,C,HIGH,73.04,0.0,NORMAL,0.6815,75.48,0.6,SEVERE,0.06,0.0
2023eee100,Vikram Verma,OTHER,20,EEE,3,2021-2022,81.03,5.46,70.12,71.41,61.05,2,5.93,C,HIGH,67.53,0.0,NORMAL,0.6105,70.76,0.4,MODERATE,-0.23,0.1193
2023eee100,Vikram Verma,OTHER,20,EEE,4,2021-2022,93.7,5.62,75.85,72.67,65.64,1,5.76,C,HIGH,71.39,0.0,NORMAL,0.6564,74.26,0.2,MODERATE,0.16,0.0983
2023ece101,Varun Reddy,MALE,20,ECE,1,2020-2021,85.34,7.38,71.24,62.24,71.42,1,6.89,B,MEDIUM,68.3,0.0,NORMAL,0.7142,66.74,0.2,MODERATE,0.0,0.0
2023ece101,Varun Reddy,MALE,20,ECE,2,2020-2021,77.29,6.89,64.48,67.16,79.19,1,6.84,B,MEDIUM,70.28,0.0,NORMAL,0.7919,65.82,0.2,MODERATE,-0.49,0.0
2023ece101,Varun Reddy,MALE,21,ECE,3,2021-2022,79.47,6.87,72.5,60.3,75.16,0,6.82,B,MEDIUM,69.32,0.0,NORMAL,0.7516,66.4,0.0,NONE,-0.02,0.2888
2023ece101,Varun Reddy,MALE,21,ECE,4,2021-2022,84.32,6.85,77.48,61.8,62.77,0,6.67,B,MEDIUM,67.35,0.0,NORMAL,0.6277,69.64,0.0,NONE,-0.02,0.2555
2023ece101,Varun Reddy,MALE,22,ECE,5,2022-2023,88.74,6.8,60.36,52.48,67.49,2,6.12,B,MEDIUM,60.11,0.0,NORMAL,0.6749,56.42,0.4,MODERATE,-0.05,0.2383
2023ece101,Varun Reddy,MALE,22,ECE,6,2022-2023,89.28,6.67,66.64,66.95,75.52,1,6.19,B,MEDIUM,69.7,0.0,NORMAL,0.7552,66.8,0.2,MODERATE,-0.13,0.2434
2023eee102,Varun Iyer,MALE,19,EEE,1,2020-2021,72.31,6.51,60.18,61.73,55.82,1,6.02,B,MEDIUM,59.24,0.0359,AT_RISK,0.5582,60.96,0.2,MODERATE,0.0,0.0
2023eee102,Varun Iyer,MALE,19,EEE,2,2020-2021,65.24,6.02,55.75,62.42,53.46,0,5.9,C,HIGH,57.21,0.1301,AT_RISK,0.5346,59.08,0.0,NONE,-0.49,0.0
2023eee102,Varun Iyer,MALE,20,EEE,3,2021-2022,78.3,5.96,58.3,61.38,53.56,0,5.83,C,HIGH,57.75,0.0,NORMAL,0.5356,59.84,0.0,NONE,-0.06,0.3017
2023eee102,Varun Iyer,MALE,20,EEE,4,2021-2022,80.28,5.92,61.96,57.5,59.49,0,6.08,B,MEDIUM,59.65,0.0,NORMAL,0.5949,59.73,0.0,NONE,-0.04,0.2748
2023eee102,Varun Iyer,MALE,21,EEE,5,2022-2023,70.96,5.96,68.64,59.67,60.5,1,6.07,B,MEDIUM,62.94,0.0539,AT_RISK,0.605,64.16,0.2,MODERATE,0.04,0.2463
2023it103,Tanvi Verma,FEMALE,19,IT,1,2020-2021,86.1,8.42,85.36,87.88,85.32,0,8.84,A+,LOW,86.19,0.0,NORMAL,0.8532,86.62,0.0,NONE,0.0,0.0
2023it103,Tanvi Verma,FEMALE,19,IT,2,2020-2021,88.91,8.84,86.65,91.21,83.23,0,8.69,A+,LOW,87.03,0.0,NORMAL,0.8323,88.93,0.0,NONE,0.42,0.0
2023it103,Tanvi Verma,FEMALE,20,IT,3,2021-2022,94.35,8.77,88.36,89.8,86.59,0,8.48,A+,LOW,88.25,0.0,NORMAL,0.8659,89.08,0.0,NONE,-0.07,0.225
2023it103,Tanvi Verma,FEMALE,20,IT,4,2021-2022,95.11,8.67,100.0,90.84,90.37,0,9.08,O,LOW,93.74,0.0,NORMAL,0.9037,95.42,0.0,NONE,-0.1,0.1838
2023eee104,Ishita Sharma,FEMALE,19,EEE,1,2020-2021,83.05,8.9,100.0,99.15,100.0,0,9.18,O,LOW,99.72,0.0,NORMAL,1.0,99.58,0.0,NONE,0.0,0.0
2023eee104,Ishita Sharma,FEMALE,19,EEE,2,2020-2021,95.46,9.18,100.0,100.0,99.07,0,9.44,O,LOW,99.69,0.0,NORMAL,0.9907,100.0,0.0,NONE,0.28,0.0
2023eee104,Ishita Sharma,FEMALE,20,EEE,3,2021-2022,93.05,9.31,98.84,86.19,92.32,0,9.25,O,LOW,92.45,0.0,NORMAL,0.9232,92.52,0.0,NONE,0.13,0.2095
2023eee104,Ishita Sharma,FEMALE,20,EEE,4,2021-2022,89.55,9.29,97.69,100.0,88.15,0,9.39,O,LOW,95.28,0.0,NORMAL,0.8815,98.84,0.0,NONE,-0.02,0.1889
2023civil105,Ishita Reddy,FEMALE,18,CIVIL,1,2020-2021,84.51,9.48,99.84,94.71,97.06,0,9.4,O,LOW,97.2,0.0,NORMAL,0.9706,97.28,0.0,NONE,0.0,0.0
2023civil105,Ishita Reddy,FEMALE,18,CIVIL,2,2020-2021,97.54,9.4,100.0,99.1,94.31,0,9.65,O,LOW,97.8,0.0,NORMAL,0.9431,99.55,0.0,NONE,-0.08,0.0
2023civil105,Ishita Reddy,FEMALE,19,CIVIL,3,2021-2022,90.23,9.53,100.0,100.0,100.0,0,9.57,O,LOW,100.0,0.0,NORMAL,1.0,100.0,0.0,NONE,0.13,0.0656
2023civil105,Ishita Reddy,FEMALE,19,CIVIL,4,2021-2022,95.14,9.54,88.48,99.67,97.21,0,9.16,O,LOW,95.12,0.0,NORMAL,0.9721,94.08,0.0,NONE,0.01,0.064
2023civil105,Ishita Reddy,FEMALE,20,CIVIL,5,2022-2023,89.69,9.45,94.86,94.75,88.91,0,9.45,O,LOW,92.84,0.0,NORMAL,0.8891,94.8,0.0,NONE,-0.09,0.0579
2023civil105,Ishita Reddy,FEMALE,20,CIVIL,6,2022-2023,95.98,9.45,95.71,92.34,100.0,0,9.86,O,LOW,96.02,0.0,NORMAL,1.0,94.02,0.0,NONE,0.0,0.0532
2023civil105,Ishita Reddy,FEMALE,21,CIVIL,7,2023-2024,93.68,9.52,93.52,100.0,93.17,0,9.5,O,LOW,95.56,0.0,NORMAL,0.9317,96.76,0.0,NONE,0.07,0.0515
2023ds106,Pooja Sharma,FEMALE,19,DS,1,2020-2021,100.0,8.41,79.57,98.94,91.32,0,8.57,A+,LOW,89.94,0.0,NORMAL,0.9132,89.26,0.0,NONE,0.0,0.0
2023ds106,Pooja Sharma,FEMALE,19,DS,2,2020-2021,97.14,8.57,90.87,80.71,98.43,0,8.78,A+,LOW,90.0,0.0,NORMAL,0.9843,85.79,0.0,NONE,0.16,0.0
2023ds106,Pooja Sharma,FEMALE,20,DS,3,2021-2022,99.4,8.68,96.87,85.04,93.33,0,8.83,A+,LOW,91.75,0.0,NORMAL,0.9333,90.96,0.0,NONE,0.11,0.1358
2023ds106,Pooja Sharma,FEMALE,20,DS,4,2021-2022,100.0,8.73,78.47,90.64,87.95,0,8.76,A+,LOW,85.69,0.0,NORMAL,0.8795,84.56,0.0,NONE,0.05,0.1417
2023ds106,Pooja Sharma,FEMALE,21,DS,5,2022-2023,99.78,8.73,87.05,87.02,90.41,0,8.59,A+,LOW,88.16,0.0,NORMAL,0.9041,87.04,0.0,NONE,0.0,0.1363
2023ds106,Pooja Sharma,FEMALE,21,DS,6,2022-2023,100.0,8.71,89.15,73.92,89.09,0,8.4,A+,LOW,84.05,0.0,NORMAL,0.8909,81.54,0.0,NONE,-0.02,0.1269
2023eee107,Aarav Singireddy,MALE,19,EEE,1,2020-2021,69.42,7.67,74.31,82.39,88.38,0,7.96,A,LOW,81.69,0.0744,AT_RISK,0.8838,78.35,0.0,NONE,0.0,0.0
2023eee107,Aarav Singireddy,MALE,19,EEE,2,2020-2021,73.52,7.96,84.47,78.98,78.26,0,7.76,A,LOW,80.57,0.0197,AT_RISK,0.7826,81.72,0.0,NONE,0.29,0.0
2023eee107,Aarav Singireddy,MALE,20,EEE,3,2021-2022,68.93,7.86,79.39,82.68,81.25,0,7.88,A,LOW,81.11,0.0809,AT_RISK,0.8125,81.04,0.0,NONE,-0.1,0.1473
2023eee107,Aarav Singireddy,MALE,20,EEE,4,2021-2022,72.16,7.87,85.38,73.83,85.61,0,7.8,A,LOW,81.61,0.0379,AT_RISK,0.8561,79.6,0.0,NONE,0.01,0.1219
2023eee107,Aarav Singireddy,MALE,21,EEE,5,2022-2023,72.93,7.85,72.93,78.72,86.61,0,8.02,A+,LOW,79.42,0.0276,AT_RISK,0.8661,75.82,0.0,NONE,-0.02,0.1057
2023eee107,Aarav Singireddy,MALE,21,EEE,6,2022-2023,79.85,7.88,84.87,75.11,80.08,0,7.77,A,LOW,80.02,0.0,NORMAL,0.8008,79.99,0.0,NONE,0.03,0.0958
2023eee107,Aarav Singireddy,MALE,22,EEE,7,2023-2024,81.26,7.86,74.55,87.09,86.2,0,8.4,A+,LOW,82.61,0.0,NORMAL,0.862,80.82,0.0,NONE,-0.02,0.0876
2023eee107,Aarav Singireddy,MALE,22,EEE,8,2023-2024,74.3,7.94,86.01,95.42,78.65,0,7.89,A,LOW,86.69,0.0093,AT_RISK,0.7865,90.72,0.0,NONE,0.08,0.0871
2023cs108,Sanya Singireddy,FEMALE,20,CS,1,2020-2021,85.6,8.8,88.67,73.09,82.47,0,8.63,A+,LOW,81.41,0.0,NORMAL,0.8247,80.88,0.0,NONE,0.0,0.0
2023cs108,Sanya Singireddy,FEMALE,20,CS,2,2020-2021,93.98,8.63,87.01,85.79,90.72,0,8.51,A+,LOW,87.84,0.0,NORMAL,0.9072,86.4,0.0,NONE,-0.17,0.0
2023cs108,Sanya Singireddy,FEMALE,21,CS,3,2021-2022,90.66,8.57,79.88,89.5,88.83,0,8.69,A+,LOW,86.07,0.0,NORMAL,0.8883,84.69,0.0,NONE,-0.06,0.1193
2023cs108,Sanya Singireddy,FEMALE,21,CS,4,2021-2022,98.23,8.61,77.51,94.58,91.95,0,8.85,A+,LOW,88.01,0.0,NORMAL,0.9195,86.04,0.0,NONE,0.04,0.1014
2023civil109,Pranav Chopra,MALE,20,CIVIL,1,2020-2021,73.52,6.16,58.07,64.86,63.79,2,5.84,C,HIGH,62.24,0.0197,AT_RISK,0.6379,61.46,0.4,MODERATE,0.0,0.0
2023civil109,Pranav Chopra,MALE,20,CIVIL,2,2020-2021,63.28,5.84,73.1,76.78,70.94,1,6.24,B,MEDIUM,73.61,0.1563,CRITICAL,0.7094,74.94,0.2,MODERATE,-0.32,0.0
2023civil109,Pranav Chopra,MALE,21,CIVIL,3,2021-2022,64.61,6.04,64.02,76.59,71.36,0,6.45,B,MEDIUM,70.66,0.1385,CRITICAL,0.7136,70.31,0.0,NONE,0.2,0.1617
2023civil109,Pranav Chopra,MALE,21,CIVIL,4,2021-2022,67.98,6.18,57.49,63.22,77.02,1,5.88,C,HIGH,65.91,0.0936,AT_RISK,0.7702,60.36,0.2,MODERATE,0.14,0.1561
2023civil109,Pranav Chopra,MALE,22,CIVIL,5,2022-2023,71.5,6.1,76.23,62.65,68.39,0,6.61,B,MEDIUM,69.09,0.0467,AT_RISK,0.6839,69.44,0.0,NONE,-0.08,0.1367
2023civil109,Pranav Chopra,MALE,22,CIVIL,6,2022-2023,71.88,6.2,87.94,60.72,72.76,0,6.63,B,MEDIUM,73.81,0.0416,AT_RISK,0.7276,74.33,0.0,NONE,0.1,0.1343
2023civil109,Pranav Chopra,MALE,23,CIVIL,7,2023-2024,76.0,6.27,73.92,66.87,68.61,0,6.18,B,MEDIUM,69.8,0.0,NORMAL,0.6861,70.4,0.0,NONE,0.07,0.1408
2023civil110,Karthik Chopra,MALE,19,CIVIL,1,2020-2021,81.49,5.73,62.28,64.32,64.58,2,5.56,C,HIGH,63.73,0.0,NORMAL,0.6458,63.3,0.4,MODERATE,0.0,0.0
2023civil110,Karthik Chopra,MALE,19,CIVIL,2,2020-2021,82.06,5.56,56.4,57.41,65.23,0,6.03,B,MEDIUM,59.68,0.0,NORMAL,0.6523,56.9,0.0,NONE,-0.17,0.0
2023civil110,Karthik Chopra,MALE,20,CIVIL,3,2021-2022,82.91,5.79,63.15,57.45,65.16,2,5.6,C,HIGH,61.92,0.0,NORMAL,0.6516,60.3,0.4,MODERATE,0.23,0.1193
2023civil110,Karthik Chopra,MALE,20,CIVIL,4,2021-2022,94.02,5.73,58.8,61.81,60.45,1,5.73,C,HIGH,60.35,0.0,NORMAL,0.6045,60.3,0.2,MODERATE,-0.06,0.0991
2023civil110,Karthik Chopra,MALE,21,CIVIL,5,2022-2023,87.78,5.73,60.03,70.56,62.9,1,5.58,C,HIGH,64.5,0.0,NORMAL,0.629,65.3,0.2,MODERATE,0.0,0.0867
2023cs111,Ananya Rao,FEMALE,19,CS,1,2020-2021,89.07,8.18,77.34,71.13,70.46,0,7.93,A,LOW,72.98,0.0,NORMAL,0.7046,74.24,0.0,NONE,0.0,0.0
2023cs111,Ananya Rao,FEMALE,19,CS,2,2020-2021,80.71,7.93,70.75,57.66,74.45,0,7.18,A,LOW,67.62,0.0,NORMAL,0.7445,64.2,0.0,NONE,-0.25,0.0
2023cs111,Ananya Rao,FEMALE,20,CS,3,2021-2022,90.68,7.55,68.85,69.56,66.93,0,7.2,A,LOW,68.45,0.0,NORMAL,0.6693,69.2,0.0,NONE,-0.38,0.3172
2023cs111,Ananya Rao,FEMALE,20,CS,4,2021-2022,90.85,7.44,56.15,78.74,71.76,0,6.99,B,MEDIUM,68.88,0.0,NORMAL,0.7176,67.44,0.0,NONE,-0.11,0.342
2023cs111,Ananya Rao,FEMALE,21,CS,5,2022-2023,81.38,7.32,81.39,65.66,64.3,0,7.41,A,LOW,70.45,0.0,NORMAL,0.643,73.53,0.0,NONE,-0.12,0.3593
2023mech112,Aarav Deshmukh,MALE,19,MECH,1,2020-2021,82.79,7.92,67.31,74.24,67.87,0,7.76,A,LOW,69.81,0.0,NORMAL,0.6787,70.78,0.0,NONE,0.0,0.0
2023mech112,Aarav Deshmukh,MALE,19,MECH,2,2020-2021,85.56,7.76,76.07,75.05,81.81,0,7.78,A,LOW,77.64,0.0,NORMAL,0.8181,75.56,0.0,NONE,-0.16,0.0
2023mech112,Aarav Deshmukh,MALE,20,MECH,3,2021-2022,76.47,7.77,75.52,85.34,67.93,0,7.61,A,LOW,76.26,0.0,NORMAL,0.6793,80.43,0.0,NONE,0.01,0.0896
2023mech112,Aarav Deshmukh,MALE,20,MECH,4,2021-2022,82.74,7.72,72.44,66.87,78.61,0,8.03,A+,LOW,72.64,0.0,NORMAL,0.7861,69.66,0.0,NONE,-0.05,0.0877
2023mech112,Aarav Deshmukh,MALE,21,MECH,5,2022-2023,81.74,7.79,67.27,63.41,74.29,0,7.65,A,LOW,68.32,0.0,NORMAL,0.7429,65.34,0.0,NONE,0.07,0.076
2023mech112,Aarav Deshmukh,MALE,21,MECH,6,2022-2023,82.73,7.77,72.62,69.1,67.54,0,7.61,A,LOW,69.75,0.0,NORMAL,0.6754,70.86,0.0,NONE,-0.02,0.0685
2023mech112,Aarav Deshmukh,MALE,22,MECH,7,2023-2024,84.37,7.74,63.3,82.12,75.87,0,7.88,A,LOW,73.76,0.0,NORMAL,0.7587,72.71,0.0,NONE,-0.03,0.0652
2023civil113,Nikhil Iyer,OTHER,19,CIVIL,1,2020-2021,59.45,5.78,44.95,52.25,57.06,4,4.91,C,HIGH,51.42,0.2073,CRITICAL,0.5706,48.6,0.8,SEVERE,0.0,0.0
2023civil113,Nikhil Iyer,OTHER,19,CIVIL,2,2020-2021,64.84,4.91,50.28,45.58,60.69,0,4.87,C,HIGH,52.18,0.1355,CRITICAL,0.6069,47.93,0.0,NONE,-0.87,0.0
2023civil113,Nikhil Iyer,OTHER,20,CIVIL,3,2021-2022,65.73,4.89,48.63,59.88,57.94,1,4.89,C,HIGH,55.48,0.1236,AT_RISK,0.5794,54.26,0.2,MODERATE,-0.02,0.5082
2023civil113,Nikhil Iyer,OTHER,20,CIVIL,4,2021-2022,54.34,4.89,46.89,51.51,54.93,0,4.87,C,HIGH,51.11,0.2755,CRITICAL,0.5493,49.2,0.0,NONE,0.0,0.4418
2023civil113,Nikhil Iyer,OTHER,21,CIVIL,5,2022-2023,52.95,4.89,48.01,34.76,56.83,1,4.39,C,HIGH,46.53,0.294,CRITICAL,0.5683,41.38,0.2,MODERATE,0.0,0.3959
2023civil113,Nikhil Iyer,OTHER,21,CIVIL,6,2022-2023,46.2,4.79,36.01,35.37,47.76,1,4.1,C,HIGH,39.71,0.384,CRITICAL,0.4776,35.69,0.2,MODERATE,-0.1,0.3723
2023civil113,Nikhil Iyer,OTHER,22,CIVIL,7,2023-2024,55.82,4.67,41.58,45.8,56.54,1,4.53,C,HIGH,47.97,0.2557,CRITICAL,0.5654,43.69,0.2,MODERATE,-0.12,0.3654
2023civil113,Nikhil Iyer,OTHER,22,CIVIL,8,2023-2024,44.89,4.65,36.16,52.04,63.58,2,4.03,C,HIGH,50.59,0.4015,CRITICAL,0.6358,44.1,0.4,MODERATE,-0.02,0.3572
2023ece114,Ishita Iyer,FEMALE,18,ECE,1,2020-2021,72.41,6.69,58.16,54.05,61.23,0,6.19,B,MEDIUM,57.81,0.0345,AT_RISK,0.6123,56.1,0.0,NONE,0.0,0.0
2023ece114,Ishita Iyer,FEMALE,18,ECE,2,2020-2021,87.44,6.19,68.12,62.25,63.83,0,6.52,B,MEDIUM,64.73,0.0,NORMAL,0.6383,65.18,0.0,NONE,-0.5,0.0
2023ece114,Ishita Iyer,FEMALE,19,ECE,3,2021-2022,78.8,6.36,57.22,62.59,63.01,0,6.29,B,MEDIUM,60.94,0.0,NORMAL,0.6301,59.9,0.0,NONE,0.17,0.2542
2023ece114,Ishita Iyer,FEMALE,19,ECE,4,2021-2022,77.03,6.33,58.44,62.81,58.32,1,6.33,B,MEDIUM,59.86,0.0,NORMAL,0.5832,60.62,0.2,MODERATE,-0.03,0.2117
2023ece115,Sneha Gupta,FEMALE,20,ECE,1,2020-2021,62.2,5.55,69.47,75.37,76.93,3,5.47,C,HIGH,73.92,0.1707,CRITICAL,0.7693,72.42,0.6,SEVERE,0.0,0.0
2023ece115,Sneha Gupta,FEMALE,20,ECE,2,2020-2021,71.44,5.47,70.72,68.48,65.08,0,6.08,B,MEDIUM,68.09,0.0475,AT_RISK,0.6508,69.6,0.0,NONE,-0.08,0.0
2023ece115,Sneha Gupta,FEMALE,21,ECE,3,2021-2022,61.08,5.78,72.26,68.93,64.46,0,6.6,B,MEDIUM,68.55,0.1856,CRITICAL,0.6446,70.6,0.0,NONE,0.31,0.1609
2023ece115,Sneha Gupta,FEMALE,21,ECE,4,2021-2022,70.24,6.05,66.62,80.98,61.41,1,6.02,B,MEDIUM,69.67,0.0635,AT_RISK,0.6141,73.8,0.2,MODERATE,0.27,0.2606
2023ece115,Sneha Gupta,FEMALE,22,ECE,5,2022-2023,74.08,6.04,74.95,71.15,59.11,1,5.97,C,HIGH,68.4,0.0123,AT_RISK,0.5911,73.05,0.2,MODERATE,-0.01,0.269
2023ece115,Sneha Gupta,FEMALE,22,ECE,6,2022-2023,73.98,6.03,70.3,73.32,67.66,1,5.82,C,HIGH,70.43,0.0136,AT_RISK,0.6766,71.81,0.2,MODERATE,-0.01,0.2617
2023ece115,Sneha Gupta,FEMALE,23,ECE,7,2023-2024,82.39,5.99,73.15,79.94,67.79,0,6.74,B,MEDIUM,73.63,0.0,NORMAL,0.6779,76.54,0.0,NONE,-0.04,0.2474
2023ece116,Meera Rao,FEMALE,20,ECE,1,2020-2021,77.29,8.14,76.82,71.87,68.23,0,8.21,A+,LOW,72.31,0.0,NORMAL,0.6823,74.34,0.0,NONE,0.0,0.0
2023ece116,Meera Rao,FEMALE,20,ECE,2,2020-2021,79.02,8.21,72.2,61.1,62.28,0,7.58,A,LOW,65.19,0.0,NORMAL,0.6228,66.65,0.0,NONE,0.07,0.0
2023ece116,Meera Rao,FEMALE,21,ECE,3,2021-2022,76.08,7.9,65.09,69.62,76.66,0,7.72,A,LOW,70.46,0.0,NORMAL,0.7666,67.36,0.0,NONE,-0.31,0.1626
2023ece116,Meera Rao,FEMALE,21,ECE,4,2021-2022,70.97,7.84,68.12,63.96,66.78,0,7.27,A,LOW,66.29,0.0537,AT_RISK,0.6678,66.04,0.0,NONE,-0.06,0.1801
2023ece116,Meera Rao,FEMALE,22,ECE,5,2022-2023,73.66,7.7,61.28,68.04,65.92,0,6.64,B,MEDIUM,65.08,0.0179,AT_RISK,0.6592,64.66,0.0,NONE,-0.14,0.2124
2023ece116,Meera Rao,FEMALE,22,ECE,6,2022-2023,83.81,7.48,75.36,66.57,68.82,0,7.06,A,LOW,70.25,0.0,NORMAL,0.6882,70.96,0.0,NONE,-0.22,0.2724
2023ece116,Meera Rao,FEMALE,23,ECE,7,2023-2024,82.42,7.41,80.23,69.79,73.84,0,7.46,A,LOW,74.62,0.0,NORMAL,0.7384,75.01,0.0,NONE,-0.07,0.3052
2023ece116,Meera Rao,FEMALE,23,ECE,8,2023-2024,70.33,7.42,66.39,69.65,66.45,0,7.1,A,LOW,67.5,0.0623,AT_RISK,0.6645,68.02,0.0,NONE,0.01,0.3146
2023it117,Rahul Iyer,MALE,18,IT,1,2020-2021,67.1,5.43,47.99,48.79,44.52,1,4.74,C,HIGH,47.1,0.1053,AT_RISK,0.4452,48.39,0.2,MODERATE,0.0,0.0
2023it117,Rahul Iyer,MALE,18,IT,2,2020-2021,59.64,4.74,53.0,34.5,55.59,3,4.31,C,HIGH,47.7,0.2048,CRITICAL,0.5559,43.75,0.6,SEVERE,-0.69,0.0
2023it117,Rahul Iyer,MALE,19,IT,3,2021-2022,60.87,4.53,30.17,43.62,49.5,1,3.94,C,HIGH,41.1,0.1884,CRITICAL,0.495,36.89,0.2,MODERATE,-0.21,0.4709
2023it117,Rahul Iyer,MALE,19,IT,4,2021-2022,57.33,4.33,53.62,48.43,45.2,0,4.23,C,HIGH,49.08,0.2356,CRITICAL,0.452,51.02,0.0,NONE,-0.2,0.4786
2023civil118,Pooja Chopra,FEMALE,20,CIVIL,1,2020-2021,76.45,7.22,78.11,82.37,76.51,1,7.33,A,LOW,79.0,0.0,NORMAL,0.7651,80.24,0.2,MODERATE,0.0,0.0
2023civil118,Pooja Chopra,FEMALE,20,CIVIL,2,2020-2021,85.9,7.33,84.48,79.3,78.28,0,7.54,A,LOW,80.69,0.0,NORMAL,0.7828,81.89,0.0,NONE,0.11,0.0
2023civil118,Pooja Chopra,FEMALE,21,CIVIL,3,2021-2022,83.29,7.44,76.03,80.06,79.45,0,7.51,A,LOW,78.51,0.0,NORMAL,0.7945,78.04,0.0,NONE,0.11,0.11
2023civil118,Pooja Chopra,FEMALE,21,CIVIL,4,2021-2022,73.47,7.46,81.93,79.63,81.69,0,7.62,A,LOW,81.08,0.0204,AT_RISK,0.8169,80.78,0.0,NONE,0.02,0.1109
2023civil118,Pooja Chopra,FEMALE,22,CIVIL,5,2022-2023,84.25,7.5,74.93,90.46,70.45,0,7.7,A,LOW,78.61,0.0,NORMAL,0.7045,82.7,0.0,NONE,0.04,0.114
2023ds119,Pranav Gupta,MALE,19,DS,1,2020-2021,77.98,8.18,77.48,84.8,89.08,0,7.84,A,LOW,83.79,0.0,NORMAL,0.8908,81.14,0.0,NONE,0.0,0.0
2023ds119,Pranav Gupta,MALE,19,DS,2,2020-2021,77.22,7.84,66.86,76.02,90.83,0,7.76,A,LOW,77.9,0.0,NORMAL,0.9083,71.44,0.0,NONE,-0.34,0.0
2023ds119,Pranav Gupta,MALE,20,DS,3,2021-2022,69.65,7.8,80.19,93.79,73.53,0,7.73,A,LOW,82.5,0.0713,AT_RISK,0.7353,86.99,0.0,NONE,-0.04,0.2088
2023ds119,Pranav Gupta,MALE,20,DS,4,2021-2022,79.46,7.78,92.09,80.33,76.49,0,8.38,A+,LOW,82.97,0.0,NORMAL,0.7649,86.21,0.0,NONE,-0.02,0.1883
2023ds119,Pranav Gupta,MALE,21,DS,5,2022-2023,78.98,7.93,84.59,75.64,82.44,0,7.97,A,LOW,80.89,0.0,NORMAL,0.8244,80.12,0.0,NONE,0.15,0.1636
2023ds119,Pranav Gupta,MALE,21,DS,6,2022-2023,73.06,7.94,88.79,85.36,77.3,0,8.37,A+,LOW,83.82,0.0259,AT_RISK,0.773,87.08,0.0,NONE,0.01,0.147
2023ds119,Pranav Gupta,MALE,22,DS,7,2023-2024,72.12,8.01,83.77,88.44,77.13,0,8.1,A+,LOW,83.11,0.0384,AT_RISK,0.7713,86.1,0.0,NONE,0.07,0.1393
2023ds120,Meera Gupta,FEMALE,18,DS,1,2020-2021,84.11,8.64,79.12,90.6,100.0,0,8.45,A+,LOW,89.91,0.0,NORMAL,1.0,84.86,0.0,NONE,0.0,0.0
2023ds120,Meera Gupta,FEMALE,18,DS,2,2020-2021,86.39,8.45,92.5,89.4,87.82,0,8.4,A+,LOW,89.91,0.0,NORMAL,0.8782,90.95,0.0,NONE,-0.19,0.0
2023ds120,Meera Gupta,FEMALE,19,DS,3,2021-2022,87.72,8.43,84.26,75.66,94.36,0,8.68,A+,LOW,84.76,0.0,NORMAL,0.9436,79.96,0.0,NONE,-0.02,0.1159
2023ds120,Meera Gupta,FEMALE,19,DS,4,2021-2022,87.27,8.51,90.31,95.38,89.51,0,8.95,A+,LOW,91.73,0.0,NORMAL,0.8951,92.84,0.0,NONE,0.08,0.0946
2023ds120,Meera Gupta,FEMALE,20,DS,5,2022-2023,86.15,8.62,96.95,91.0,89.36,0,8.6,A+,LOW,92.44,0.0,NORMAL,0.8936,93.98,0.0,NONE,0.11,0.0962
