age,semester,attendance_percentage,previous_cgpa,mid_1,mid_2,internal_marks,backlogs,academic_average,attendance_risk_score,internal_average,mid_term_average,previous_cgpa_trend,backlog_severity_score,academic_stability,enc_gender_FEMALE,enc_gender_MALE,enc_gender_OTHER,enc_department_code_AI,enc_department_code_CIVIL,enc_department_code_CS,enc_department_code_DS,enc_department_code_ECE,enc_department_code_EEE,enc_department_code_IT,enc_department_code_MECH,enc_attendance_risk_category_AT_RISK,enc_attendance_risk_category_CRITICAL,enc_attendance_risk_category_NORMAL,enc_backlog_severity_category_MODERATE,enc_backlog_severity_category_NONE,enc_backlog_severity_category_SEVERE,target_cgpa
-2.0,-1.0,1.2586387434554978,0.5303703703703702,0.788702652764946,0.9943030763387776,1.2569286383719374,0.0,1.126311251616611,0.0,1.256928638371938,0.9643406516571107,0.0,0.0,-0.04620372872196704,0.0,1.0,0.0,0.0,0.0,0.0,0.0,0.0,0.0,1.0,0.0,0.0,0.0,1.0,0.0,1.0,0.0,8.71
-2.0,-0.3333333333333333,1.0458638743455497,0.74962962962963,1.343011746073643,1.040384858842892,0.7235238987816303,0.0,1.154476217847391,0.0,0.723523898781631,1.2831771780170598,2.4666666666666663,0.0,-0.04620372872196704,0.0,1.0,0.0,0.0,0.0,0.0,0.0,0.0,0.0,1.0,0.0,0.0,0.0,1.0,0.0,1.0,0.0,9.07
-1.0,0.3333333333333333,1.0014659685863885,0.8562962962962964,0.7052923320575414,0.8904924674009367,0.336859017271388,0.0,0.7279781577812896,0.0,0.33685901727138834,0.8625367081527053,1.1999999999999997,0.0,1.4690624155633611,0.0,1.0,0.0,0.0,0.0,0.0,0.0,0.0,0.0,1.0,0.0,0.0,0.0,1.0,0.0,1.0,0.0,8.43
-1.0,1.0,1.0006282722513096,0.7674074074074073,0.5421670845981255,0.9218888466894545,0.6062391217030388,0.0,0.7768357522632559,0.0,0.6062391217030393,0.7937351419381896,-0.9999999999999998,0.0,1.2166981896784652,0.0,1.0,0.0,0.0,0.0,0.0,0.0,0.0,0.0,1.0,0.0,0.0,0.0,1.0,0.0,1.0,0.0,8.45
0.0,-1.0,1.4379057591623041,0.6133333333333334,0.7459416655668464,0.8033928345360172,0.467532467532467,0.0,0.7561431240120704,0.0,0.46753246753246736,0.8362466787861832,0.0,0.0,-0.04620372872196704,0.0,1.0,0.0,0.0,0.0,1.0,0.0,0.0,0.0,0.0,0.0,0.0,0.0,1.0,0.0,1.0,0.0,8.44
0.0,-0.3333333333333333,0.9696335078534034,0.5896296296296292,0.4481984954467462,0.8925180402582608,0.6881778015798632,0.0,0.7607414858456671,0.0,0.6881778015798634,0.727730387358411,-0.2666666666666666,0.0,-0.04620372872196704,0.0,1.0,0.0,0.0,0.0,1.0,0.0,0.0,0.0,0.0,0.0,0.0,0.0,1.0,0.0,1.0,0.0,8.49
1.0,0.3333333333333333,0.7166492146596865,0.6014814814814818,1.3599049755840031,0.7699708823901761,0.5655375552282762,0.0,1.0015806868802983,0.0,0.5655375552282766,1.1433365962802398,0.1333333333333333,0.0,0.06187516887327749,0.0,1.0,0.0,0.0,0.0,1.0,0.0,0.0,0.0,0.0,0.0,0.0,0.0,1.0,0.0,1.0,0.0,8.87
1.0,1.0,0.4954973821989534,0.6844444444444441,0.8700013197835545,0.17445246233700437,0.4932387200428434,0.0,0.5727834458973989,0.0,0.49323872004284375,0.5548874283317012,0.9333333333333332,0.0,0.3423399081329371,0.0,1.0,0.0,0.0,0.0,1.0,0.0,0.0,0.0,0.0,0.0,0.0,0.0,1.0,0.0,1.0,0.0,8.55
0.0,-1.0,-0.5407329842931936,-0.15111111111111106,0.23861686683383893,-0.05241169768325089,0.017673048600883562,0.0,0.08765627245293893,0.0,0.017673048600883496,0.095091595581037,0.0,0.0,-0.04620372872196704,1.0,0.0,0.0,0.0,0.0,0.0,0.0,0.0,0.0,0.0,1.0,0.0,0.0,1.0,0.0,1.0,0.0,7.49
0.0,-0.3333333333333333,0.007120418848168206,0.026666666666666623,0.25339844265540423,0.5689327763007976,0.43486410496719724,1.0,0.4773674378502652,0.0,0.43486410496719763,0.44581177457698146,1.9999999999999996,0.2,-0.04620372872196704,1.0,0.0,0.0,0.0,0.0,0.0,0.0,0.0,0.0,0.0,1.0,0.0,0.0,1.0,1.0,0.0,0.0,7.4
1.0,0.3333333333333333,-0.3924607329842922,0.0029629629629629,0.7422462716114547,0.2326876819850614,0.7567278082741998,0.0,0.6423336686305499,0.0,0.7567278082742003,0.5190882394070753,-0.2666666666666666,0.0,0.8340988921912996,1.0,0.0,0.0,0.0,0.0,0.0,0.0,0.0,0.0,0.0,1.0,0.0,0.0,1.0,0.0,1.0,0.0,7.36
1.0,1.0,-0.30534031413612533,-0.014814814814815025,0.2618450574105842,0.13242182554753743,0.3625652697817644,1.0,0.2894093979019971,0.0,0.3625652697817647,0.2092015102782825,-0.19999999999999996,0.2,0.6822480410699812,1.0,0.0,0.0,0.0,0.0,0.0,0.0,0.0,0.0,0.0,1.0,0.0,0.0,1.0,1.0,0.0,0.0,6.97
0.0,-1.0,-2.9273298429319365,-1.128888888888889,-1.6761251154810606,-1.6196986960374735,-1.7426697014325885,4.0,-1.8304354073861178,0.3729,-1.742669701432589,-1.7849251852887715,0.0,0.8,-0.04620372872196704,0.0,1.0,0.0,1.0,0.0,0.0,0.0,0.0,0.0,0.0,0.0,0.0,1.0,0.0,0.0,0.0,1.0,3.96
0.0,-0.3333333333333333,-3.023664921465968,-2.0651851851851855,-1.938498086313844,-1.8369413849854417,-1.9590306600615883,3.0,-2.0850696939215396,0.3883,-1.9590306600615888,-2.0439099426653624,-10.533333333333331,0.6,-0.04620372872196704,0.0,1.0,0.0,1.0,0.0,0.0,0.0,0.0,0.0,0.0,0.0,0.0,1.0,0.0,0.0,0.0,1.0,3.1
1.0,0.3333333333333333,-2.526910994764397,-2.3200000000000003,-1.2432361092780784,-1.7138878339030261,-1.675190788592851,3.0,-1.68443741916942,0.3092,-1.6751907885928512,-1.6076073276464837,-2.8666666666666663,0.6,5.6733315320183735,0.0,1.0,0.0,1.0,0.0,0.0,0.0,0.0,0.0,0.0,0.0,0.0,1.0,0.0,0.0,0.0,1.0,3.13
1.0,1.0,-3.4182198952879577,-2.397037037037037,-1.8846509172495707,-1.7827573110520323,-1.0844825277814973,1.0,-1.7321454231929867,0.4511,-1.0844825277814973,-1.9857362606628455,-0.8666666666666666,0.2,5.273980005403946,0.0,1.0,0.0,1.0,0.0,0.0,0.0,0.0,0.0,0.0,0.0,0.0,1.0,0.0,1.0,0.0,0.0,3.54
-1.0,-1.0,-0.42513089005235505,-0.6251851851851855,-0.8684175795169593,-0.7051525509558172,-0.5762484937742672,0.0,-0.773961776117258,0.0,-0.5762484937742673,-0.8524681862676555,0.0,0.0,-0.04620372872196704,0.0,1.0,0.0,0.0,0.0,0.0,0.0,1.0,0.0,0.0,0.0,0.0,0.0,1.0,0.0,1.0,0.0,6.16
-1.0,-0.3333333333333333,-1.5057591623036644,-0.7614814814814815,-0.4782895605120759,-0.8038992277503484,-0.4761012183692604,1.0,-0.633711740192556,0.1467,-0.4761012183692603,-0.7003216333379954,-1.5333333333333332,0.2,-0.04620372872196704,0.0,1.0,0.0,0.0,0.0,0.0,0.0,1.0,0.0,0.0,0.0,0.0,1.0,0.0,1.0,0.0,0.0,5.79
0.0,0.3333333333333333,-0.2927748691099468,-0.8740740740740743,-0.69367823676917,-0.5263957462969999,-0.3850582407283445,2.0,-0.5745078315849979,0.0,-0.3850582407283444,-0.661166270451686,-1.2666666666666664,0.4,1.0902458794920291,0.0,1.0,0.0,0.0,0.0,0.0,0.0,1.0,0.0,0.0,0.0,0.0,0.0,1.0,1.0,0.0,0.0,5.4
0.0,1.0,-0.5633507853403137,-0.9866666666666667,0.023228190576745283,-0.8646664134700599,-0.5537555228276884,0.0,-0.5026584279350482,0.0,-0.5537555228276883,-0.467626905327927,-1.2666666666666664,0.0,1.3647662793839503,0.0,1.0,0.0,0.0,0.0,0.0,0.0,1.0,0.0,0.0,0.0,0.0,0.0,1.0,0.0,1.0,0.0,6.12
-2.0,-1.0,-1.0760209424083769,-0.8444444444444449,-0.14939949848224948,-0.4565134827193317,-0.24313830499397543,0.0,-0.2997557120275902,0.0783,-0.24313830499397518,-0.333939309187527,0.0,0.0,-0.04620372872196704,1.0,0.0,0.0,0.0,1.0,0.0,0.0,0.0,0.0,0.0,0.0,1.0,0.0,0.0,0.0,1.0,0.0,6.42
-2.0,-0.3333333333333333,-1.2209424083769624,-0.6074074074074076,0.3880163653160877,-0.051905304468920416,-0.6239121703039232,0.0,-0.08765627245293893,0.1013,-0.6239121703039234,0.1739616836806033,2.6666666666666665,0.0,-0.04620372872196704,1.0,0.0,0.0,0.0,1.0,0.0,0.0,0.0,0.0,0.0,0.0,1.0,0.0,0.0,0.0,1.0,0.0,6.84
-1.0,0.3333333333333333,-1.128795811518324,-0.4829629629629632,0.10294311732875742,0.21040638055450067,-0.5248359887535151,1.0,-0.05661733007616031,0.0867,-0.5248359887535152,0.1683680604111308,1.3999999999999997,0.2,1.628478789516347,1.0,0.0,0.0,0.0,1.0,0.0,0.0,0.0,0.0,0.0,0.0,1.0,0.0,0.0,1.0,0.0,0.0,6.8
-1.0,1.0,-0.48544502617800944,-0.44740740740740736,0.16998812194799964,0.48841625522217996,-0.3705984736912573,0.0,0.12846673372610998,0.0,-0.3705984736912576,0.3568731645923645,0.3999999999999999,0.0,1.5911915698459875,1.0,0.0,0.0,0.0,1.0,0.0,0.0,0.0,0.0,0.0,0.0,0.0,0.0,1.0,0.0,1.0,0.0,6.87
-1.0,-1.0,-0.1579057591623029,0.4474074074074068,-0.22489111785667165,-0.2818078237751614,0.17780157986343517,0.0,-0.11007328639172326,0.0,0.17780157986343564,-0.2774437141658514,0.0,0.0,-0.04620372872196704,1.0,0.0,0.0,0.0,0.0,0.0,0.0,0.0,0.0,0.0,1.0,0.0,0.0,1.0,0.0,1.0,0.0,7.78
-1.0,-0.3333333333333333,-0.08586387434554903,0.1985185185185185,0.2101095420351056,0.034181541967337505,-0.17780157986343592,0.0,0.039948268429371624,0.0,-0.17780157986343564,0.12753461054397916,-2.7999999999999994,0.0,-0.04620372872196704,1.0,0.0,0.0,0.0,0.0,0.0,0.0,0.0,0.0,0.0,1.0,0.0,0.0,1.0,0.0,1.0,0.0,7.33
0.0,0.3333333333333333,-0.43183246073298437,0.06222222222222195,0.34525537811798807,0.13444739840486147,-0.2849109653233369,0.0,0.0888058629113379,0.0,-0.2849109653233367,0.2545098587610115,-1.5333333333333332,0.0,1.734936503647663,1.0,0.0,0.0,0.0,0.0,0.0,0.0,0.0,0.0,0.0,1.0,0.0,0.0,1.0,0.0,1.0,0.0,7.56
0.0,1.0,-0.11015706806282703,0.06814814814814775,-0.1926883991025474,0.12938346626155176,0.06426563127593994,0.0,0.01638166403218833,0.0,0.06426563127594064,-0.03356173961683729,0.06666666666666665,0.0,1.597135909213726,1.0,0.0,0.0,0.0,0.0,0.0,0.0,0.0,0.0,0.0,1.0,0.0,0.0,1.0,0.0,1.0,0.0,7.28
-2.0,-1.0,0.13277486910994832,0.1096296296296294,-0.0417051603537023,0.11723002911760974,0.07176328825813304,0.0,0.06926282511855139,0.0,0.07176328825813348,0.04027408754020331,0.0,0.0,-0.04620372872196704,1.0,0.0,0.0,0.0,0.0,0.0,0.0,1.0,0.0,0.0,0.0,0.0,0.0,1.0,0.0,1.0,0.0,7.31
-2.0,-0.3333333333333333,-0.2927748691099468,-0.0800000000000004,-0.05384716906427397,-0.05291809089758207,-0.07283438211273337,0.0,-0.051444173013363736,0.0,-0.07283438211273296,-0.06041113131030696,-2.133333333333333,0.0,-0.04620372872196704,1.0,0.0,0.0,0.0,0.0,0.0,0.0,1.0,0.0,0.0,0.0,0.0,0.0,1.0,0.0,1.0,0.0,8.08
-1.0,0.3333333333333333,0.22157068062827312,0.15111111111111106,0.14570410452685703,0.08330168375743748,-0.0358816441290669,0.0,0.08593188676534007,0.0,-0.03588164412906703,0.12082226262061153,2.5999999999999996,0.0,1.0772764117806,1.0,0.0,0.0,0.0,0.0,0.0,0.0,1.0,0.0,0.0,0.0,0.0,0.0,1.0,0.0,1.0,0.0,7.56
-1.0,1.0,0.293612565445027,0.12148148148148152,-0.4561171967797287,-0.2757311052031907,-0.3406078457624857,0.0,-0.37735306796953555,0.0,-0.34060784576248504,-0.39658788980562265,-0.3333333333333333,0.0,0.9129964874358282,1.0,0.0,0.0,0.0,0.0,0.0,0.0,1.0,0.0,0.0,0.0,0.0,0.0,1.0,0.0,1.0,0.0,7.3
0.0,-1.0,0.42764397905759194,-0.13925925925925944,-1.064273459152699,-0.24636029877199625,-0.9082875886999603,2.0,-0.7900560425348468,0.0,-0.9082875886999606,-0.7025590826457844,0.0,0.4,-0.04620372872196704,1.0,0.0,0.0,0.0,0.0,0.0,0.0,0.0,0.0,1.0,0.0,0.0,0.0,1.0,1.0,0.0,0.0,6.13
0.0,-0.3333333333333333,0.054031413612566304,-0.7792592592592595,-0.4408077075359643,-0.7709836688188381,-0.6678270183424826,1.0,-0.6762465871533263,0.0,-0.6678270183424827,-0.6622849951055804,-7.199999999999999,0.2,-0.04620372872196704,1.0,0.0,0.0,0.0,0.0,0.0,0.0,0.0,0.0,1.0,0.0,0.0,0.0,1.0,1.0,0.0,0.0,6.05
1.0,0.3333333333333333,-0.5189528795811512,-0.8029629629629632,-0.3806255774053058,-0.4185339916445121,-0.6506895166688984,0.0,-0.5147291277482393,0.0,-0.6506895166688986,-0.43518389036498484,-0.2666666666666666,0.0,3.3874628478789517,1.0,0.0,0.0,0.0,0.0,0.0,0.0,0.0,0.0,1.0,0.0,0.0,0.0,1.0,0.0,1.0,0.0,6.67
1.0,1.0,-0.024712041884815707,-0.6903703703703704,-1.0790550349742642,-0.36434991771110314,-0.6533672513053962,0.0,-0.7486707860324755,0.0,-0.6533672513053959,-0.7758355474758782,1.2666666666666664,0.0,2.807079167792489,1.0,0.0,0.0,0.0,0.0,0.0,0.0,0.0,0.0,1.0,0.0,0.0,0.0,1.0,0.0,1.0,0.0,6.38
0.0,-1.0,-2.376125654450261,-0.9155555555555556,-1.453873564735383,-1.0302569945562732,-1.4224126389074847,1.0,-1.4119844805288109,0.2852,-1.4224126389074851,-1.3419102223465256,0.0,0.2,-0.04620372872196704,0.0,1.0,0.0,0.0,0.0,0.0,0.0,0.0,1.0,0.0,0.0,0.0,1.0,0.0,1.0,0.0,0.0,4.95
0.0,-0.3333333333333333,-2.2906806282722507,-1.4785185185185186,-1.3984426554045135,-1.9427775667806058,-1.579863435533539,1.0,-1.7936485127173436,0.2716,-1.5798634355335395,-1.8168088379247667,-6.333333333333332,0.2,-0.04620372872196704,0.0,1.0,0.0,0.0,0.0,0.0,0.0,0.0,1.0,0.0,0.0,0.0,1.0,0.0,1.0,0.0,0.0,4.59
1.0,0.3333333333333333,-2.6148691099476435,-1.5851851851851857,-1.8740926488055953,-2.7656665400683638,-1.9729548801713757,1.0,-2.4178761316281063,0.3232,-1.972954880171376,-2.5227240945322342,-1.1999999999999997,0.2,3.2350716022696573,0.0,1.0,0.0,0.0,0.0,0.0,0.0,0.0,1.0,0.0,0.0,0.0,1.0,0.0,1.0,0.0,0.0,3.86
1.0,1.0,-2.8971727748691096,-1.7629629629629633,-1.3931635211825257,-2.2683884035953925,-1.8165751773999201,0.0,-1.9994252047707997,0.3681,-1.8165751773999208,-1.9935673332401074,-1.9999999999999996,0.0,3.2912726290191845,0.0,1.0,0.0,0.0,0.0,0.0,0.0,0.0,1.0,0.0,0.0,0.0,1.0,0.0,0.0,1.0,0.0,4.28
-2.0,-1.0,-0.007958115183245977,0.34074074074074034,-0.05226342879767763,0.22914292948474524,-0.5842816976837601,0.0,-0.12674234803851112,0.0,-0.5842816976837603,0.09621032023493133,0.0,0.0,-0.04620372872196704,0.0,1.0,0.0,0.0,0.0,0.0,0.0,1.0,0.0,0.0,0.0,0.0,0.0,1.0,0.0,1.0,0.0,8.07
-2.0,-0.3333333333333333,-0.6931937172774862,0.37037037037037035,-0.3083014385640755,-0.07216103304215711,-0.17780157986343592,0.0,-0.18824543756286846,0.0173,-0.17780157986343564,-0.2058453363165995,0.3333333333333333,0.0,-0.04620372872196704,0.0,1.0,0.0,0.0,0.0,0.0,0.0,1.0,0.0,0.0,0.0,1.0,0.0,0.0,0.0,1.0,0.0,7.54
-1.0,0.3333333333333333,-0.10261780104711994,0.2103703703703701,-0.4138841230038273,-0.42764906950246917,-0.025706252510376434,0.0,-0.30665325477798566,0.0,-0.025706252510376375,-0.4581177457698231,-1.7999999999999998,0.0,0.7298027560118887,0.0,1.0,0.0,0.0,0.0,0.0,0.0,1.0,0.0,0.0,0.0,0.0,0.0,1.0,0.0,1.0,0.0,7.51
-1.0,1.0,-0.25842931937172725,0.15703703703703684,0.0290352382209316,-0.15318394733510604,-0.03534609720176789,0.0,-0.04569622072136809,0.0,-0.03534609720176759,-0.07159837784925271,-0.5999999999999999,0.0,0.8865171575249933,0.0,1.0,0.0,0.0,0.0,0.0,0.0,1.0,0.0,0.0,0.0,0.0,0.0,1.0,0.0,1.0,0.0,7.68
0.0,-1.0,-0.45528795811518225,-0.17481481481481478,-0.05807047644186396,-0.6246360298771998,-0.3106172178337133,0.0,-0.35436125880155217,0.0,-0.3106172178337131,-0.3781289330163617,0.0,0.0,-0.04620372872196704,0.0,1.0,0.0,0.0,0.0,0.0,0.0,0.0,0.0,0.0,1.0,0.0,0.0,1.0,0.0,1.0,0.0,6.96
0.0,-0.3333333333333333,-0.5583246073298422,-0.2874074074074076,-0.11191764550613717,-0.1916698316242561,-0.23938947650287928,0.0,-0.18422187095847087,0.0,-0.23938947650287906,-0.16780869808418486,-1.2666666666666664,0.0,-0.04620372872196704,0.0,1.0,0.0,0.0,0.0,0.0,0.0,0.0,0.0,0.0,1.0,0.0,0.0,1.0,0.0,1.0,0.0,7.26
1.0,0.3333333333333333,-0.46952879581151746,-0.1985185185185185,-0.24125643394483332,-0.5339916445119638,-0.3705984736912573,0.0,-0.4078172151171143,0.0,-0.3705984736912576,-0.42567473080688095,0.9999999999999998,0.0,0.495271548230208,0.0,1.0,0.0,0.0,0.0,0.0,0.0,0.0,0.0,0.0,1.0,0.0,0.0,1.0,0.0,1.0,0.0,6.91
1.0,1.0,-0.43518324607329784,-0.24000000000000016,-0.26554045136597665,-0.6854032155969113,0.10282501004150423,0.0,-0.3043540738611869,0.0,0.1028250100415049,-0.5218850510418132,-0.4666666666666666,0.0,0.4050256687381789,0.0,1.0,0.0,0.0,0.0,0.0,0.0,0.0,0.0,0.0,1.0,0.0,0.0,1.0,0.0,1.0,0.0,6.8
0.0,-1.0,0.44020942408377045,0.26962962962962966,-0.7665302890325988,-0.7243954931003926,-0.46806801445976753,0.0,-0.7055611438425057,0.0,-0.4680680144597674,-0.8088379247657675,0.0,0.0,-0.04620372872196704,0.0,1.0,0.0,0.0,0.0,0.0,1.0,0.0,0.0,0.0,0.0,0.0,0.0,1.0,0.0,1.0,0.0,7.18
0.0,-0.3333333333333333,0.3991623036649215,-0.15703703703703736,0.13778540319387536,-0.05646284339789822,-0.3186504217432054,0.0,-0.07098721080615024,0.0,-0.31865042174320535,0.03915536288630898,-4.799999999999999,0.0,-0.04620372872196704,0.0,1.0,0.0,0.0,0.0,0.0,1.0,0.0,0.0,0.0,0.0,0.0,0.0,1.0,0.0,1.0,0.0,7.19
1.0,0.3333333333333333,-0.1084816753926691,-0.15111111111111106,-0.35634155998416317,-0.42511710343081394,-0.18958361226402498,0.0,-0.3434401494467591,0.0,-0.18958361226402465,-0.42623409313382776,0.06666666666666665,0.0,2.18454471764388,0.0,1.0,0.0,0.0,0.0,0.0,1.0,0.0,0.0,0.0,0.0,0.0,0.0,1.0,0.0,1.0,0.0,6.88
1.0,1.0,0.33465968586387473,-0.21629629629629643,0.11350138577273276,-0.3911887580706417,-0.16816173517204525,0.0,-0.15260813335249318,0.0,-0.16816173517204444,-0.15885890085302856,-0.7333333333333333,0.0,1.9981086192920834,0.0,1.0,0.0,0.0,0.0,0.0,1.0,0.0,0.0,0.0,0.0,0.0,0.0,1.0,0.0,1.0,0.0,7.23
0.0,-1.0,-0.7392670157068053,0.15111111111111106,0.10716642470634741,-0.3618179516394479,0.15959298433525182,0.0,-0.026727978157781475,0.0247,0.15959298433525212,-0.1459935673332409,0.0,0.0,-0.04620372872196704,0.0,1.0,0.0,0.0,1.0,0.0,0.0,0.0,0.0,0.0,0.0,1.0,0.0,0.0,0.0,1.0,0.0,7.42
0.0,-0.3333333333333333,-0.3572774869109948,-0.014814814814815025,0.4212749109146092,0.8687175591847072,0.5548266166822861,0.0,0.694640034487713,0.0,0.5548266166822866,0.7003216333379938,-1.8666666666666665,0.0,-0.04620372872196704,0.0,1.0,0.0,0.0,1.0,0.0,0.0,0.0,0.0,0.0,0.0,0.0,0.0,1.0,0.0,1.0,0.0,7.77
1.0,0.3333333333333333,-0.6580104712041877,0.08592592592592567,0.4846245215784605,-0.08735282947208481,0.7904672646940684,0.0,0.44000574795229186,0.0117,0.7904672646940689,0.20584533631659868,1.1333333333333333,0.0,0.7162928938124832,0.0,1.0,0.0,0.0,1.0,0.0,0.0,0.0,0.0,0.0,0.0,1.0,0.0,0.0,0.0,1.0,0.0,8.08
1.0,1.0,-0.4636649214659683,0.18666666666666637,-0.19796753332453543,0.7406000759589824,0.2693801044316501,0.0,0.3192987498203759,0.0,0.269380104431651,0.30149629422458324,1.1333333333333333,0.0,0.7606052418265333,0.0,1.0,0.0,0.0,1.0,0.0,0.0,0.0,0.0,0.0,0.0,0.0,0.0,1.0,0.0,1.0,0.0,8.08
-2.0,-1.0,-0.8138219895287949,-0.15111111111111106,0.29404777616470845,0.46461577414862637,0.5216227071897173,0.0,0.48369018537146075,0.0365,0.5216227071897174,0.4094532233254087,0.0,0.0,-0.04620372872196704,0.0,1.0,0.0,0.0,0.0,0.0,0.0,0.0,1.0,0.0,0.0,1.0,0.0,0.0,0.0,1.0,0.0,7.52
-2.0,-0.3333333333333333,-0.08083769633507763,0.04444444444444402,0.1430645374158634,0.41701481200151924,0.5414379434997983,0.0,0.41758873401350755,0.0,0.5414379434997992,0.30317438120542517,2.1999999999999997,0.0,-0.04620372872196704,0.0,1.0,0.0,0.0,0.0,0.0,0.0,0.0,1.0,0.0,0.0,0.0,0.0,1.0,0.0,1.0,0.0,7.87
-1.0,0.3333333333333333,-0.060732984293193244,0.15111111111111106,0.12194800052791273,-0.008861881250791098,0.8509840674789121,0.0,0.3595344158643479,0.0,0.8509840674789129,0.05705495734862156,1.1999999999999997,0.0,1.351796811672521,0.0,1.0,0.0,0.0,0.0,0.0,0.0,0.0,1.0,0.0,0.0,0.0,0.0,1.0,0.0,1.0,0.0,7.93
-1.0,1.0,-0.5591623036649213,0.19259259259259218,0.966081562623729,0.48942904165084233,0.8247422680412367,0.0,0.8452363845380079,0.0,0.8247422680412371,0.7797510837645076,0.4666666666666666,0.0,1.3534179951364498,0.0,1.0,0.0,0.0,0.0,0.0,0.0,0.0,1.0,0.0,0.0,0.0,0.0,1.0,0.0,1.0,0.0,8.22
-2.0,-1.0,-0.13026178010471143,0.4355555555555552,0.32730632176323005,-0.30560830484871493,0.3363234703440882,0.0,0.13766345739330335,0.0,0.3363234703440889,0.0022374493077886755,0.0,0.0,-0.04620372872196704,0.0,1.0,0.0,0.0,0.0,0.0,1.0,0.0,0.0,0.0,0.0,0.0,0.0,1.0,0.0,1.0,0.0,7.71
-2.0,-0.3333333333333333,-0.041465968586386626,0.15703703703703684,0.4513659759799389,0.03468793518166869,0.22225197482929396,0.0,0.27101595056761035,0.0,0.2222519748292944,0.25562858341490663,-3.133333333333333,0.0,-0.04620372872196704,0.0,1.0,0.0,0.0,0.0,0.0,1.0,0.0,0.0,0.0,0.0,0.0,0.0,1.0,0.0,1.0,0.0,7.56
-1.0,0.3333333333333333,-0.29445026178010475,0.1096296296296294,0.6356077603273056,0.018483352323078617,0.494845360824742,0.0,0.4290846385974996,0.0,0.49484536082474206,0.3445671933995236,-0.5333333333333332,0.0,1.5598486895433668,0.0,1.0,0.0,0.0,0.0,0.0,1.0,0.0,0.0,0.0,0.0,0.0,0.0,1.0,0.0,1.0,0.0,7.73
-1.0,1.0,-0.5465968586387427,0.1333333333333331,0.2966873432757021,0.001265983035827608,0.21154103628330373,0.0,0.1980169564592609,0.0,0.2115410362833043,0.15550272689134315,0.2666666666666666,0.0,1.3431504998649013,0.0,1.0,0.0,0.0,0.0,0.0,1.0,0.0,0.0,0.0,0.0,0.0,0.0,1.0,0.0,1.0,0.0,7.46
-2.0,-1.0,0.2860732984293199,0.06814814814814775,-0.240200607100436,-0.312697809849348,0.40594457089302444,0.0,-0.04569622072136809,0.0,0.40594457089302455,-0.3026150188784792,0.0,0.0,-0.04620372872196704,0.0,1.0,0.0,0.0,0.0,0.0,1.0,0.0,0.0,0.0,0.0,0.0,0.0,1.0,0.0,1.0,0.0,7.72
-2.0,-0.3333333333333333,0.3405235602094251,0.16296296296296264,-0.7211297347235055,-0.8909988606152679,-0.36417191056366377,0.0,-0.7147578675096995,0.0,-0.3641719105636636,-0.8770801286533361,1.0666666666666664,0.0,-0.04620372872196704,0.0,1.0,0.0,0.0,0.0,0.0,1.0,0.0,0.0,0.0,0.0,0.0,0.0,1.0,0.0,1.0,0.0,6.96
-1.0,0.3333333333333333,-0.07832460732984194,-0.06222222222222248,-0.618714530816946,-0.7269274591720475,0.03320390949256877,0.0,-0.4733438712458684,0.0,0.03320390949256921,-0.7316459236470432,-2.5333333333333328,0.0,0.9848689543366658,0.0,1.0,0.0,0.0,0.0,0.0,1.0,0.0,0.0,0.0,0.0,0.0,0.0,1.0,0.0,1.0,0.0,7.24
-1.0,1.0,0.4092146596858643,-0.0800000000000004,0.05912630328626051,-0.370933029497405,-0.6490828758869999,0.0,-0.3365426066963645,0.0,-0.6490828758870003,-0.17619913298839357,-0.19999999999999996,0.0,1.0,0.0,1.0,0.0,0.0,0.0,0.0,1.0,0.0,0.0,0.0,0.0,0.0,0.0,1.0,0.0,1.0,0.0,7.39
-2.0,-1.0,1.509947643979058,0.5066666666666669,0.8705292332057536,0.38460564628433985,0.7390547596733162,0.0,0.7400488575944816,0.0,0.7390547596733168,0.6712347923367354,0.0,0.0,-0.04620372872196704,0.0,1.0,0.0,0.0,0.0,0.0,0.0,1.0,0.0,0.0,0.0,0.0,0.0,1.0,0.0,1.0,0.0,8.61
-2.0,-0.3333333333333333,0.7853403141361257,0.6903703703703699,0.9080110861818651,0.5031016584377772,0.8654438345159993,0.0,0.8440867940796088,0.0,0.8654438345159997,0.7562578660327218,2.0666666666666664,0.0,-0.04620372872196704,0.0,1.0,0.0,0.0,0.0,0.0,0.0,1.0,0.0,0.0,0.0,0.0,0.0,1.0,0.0,1.0,0.0,8.56
-1.0,0.3333333333333333,0.8163350785340318,0.6785185185185183,0.24442391447802525,0.7426256488163063,0.7824340607845754,0.0,0.6641758873401343,0.0,0.7824340607845767,0.5369878338693886,-0.1333333333333333,0.0,0.8913807079167793,0.0,1.0,0.0,0.0,0.0,0.0,0.0,1.0,0.0,0.0,0.0,0.0,0.0,1.0,0.0,1.0,0.0,8.4
-1.0,1.0,1.509947643979058,0.6370370370370366,0.2576217500329942,0.7309786048866949,0.3882715222921401,0.0,0.5233510561862337,0.0,0.38827152229214107,0.5375471961963354,-0.4666666666666666,0.0,0.721156444204269,0.0,1.0,0.0,0.0,0.0,0.0,0.0,1.0,0.0,0.0,0.0,0.0,0.0,1.0,0.0,1.0,0.0,8.29
-2.0,-1.0,-0.11518324607329843,0.1037037037037036,0.3288900620298264,0.33092796556526133,0.6271254518677196,0.0,0.4831153901422617,0.0,0.6271254518677201,0.35407635295762746,0.0,0.0,-0.04620372872196704,1.0,0.0,0.0,0.0,0.0,0.0,0.0,0.0,1.0,0.0,0.0,0.0,0.0,1.0,0.0,1.0,0.0,7.79
-2.0,-0.3333333333333333,0.07078534031413602,0.2044444444444443,1.1255114161277542,0.7122420559564503,0.43379301111259844,0.0,0.8475355654548066,0.0,0.4337930111125987,0.9867151447350014,1.1333333333333333,0.0,-0.04620372872196704,1.0,0.0,0.0,0.0,0.0,0.0,0.0,0.0,1.0,0.0,0.0,0.0,0.0,1.0,0.0,1.0,0.0,8.43
-1.0,0.3333333333333333,-0.21319371727748587,0.3940740740740736,-0.19321631252474641,0.12634510697556678,0.02035078323738093,0.0,-0.0008621928437994288,0.0,0.020350783237380727,-0.03523982659767919,2.133333333333333,0.0,1.298297757362875,1.0,0.0,0.0,0.0,0.0,0.0,0.0,0.0,1.0,0.0,0.0,0.0,0.0,1.0,0.0,1.0,0.0,7.75
-1.0,1.0,-0.11937172774869086,0.3229629629629629,0.9676653028903247,0.516774275224712,0.4627125451867713,0.0,0.7268285673228907,0.0,0.4627125451867718,0.7954132289190315,-0.7999999999999998,0.0,1.123750337746555,1.0,0.0,0.0,0.0,0.0,0.0,0.0,0.0,1.0,0.0,0.0,0.0,0.0,1.0,0.0,1.0,0.0,8.41
0.0,-1.0,0.43685863874345576,-0.12148148148148152,-0.5590603141084864,-0.6560324091657173,-0.17994376757263428,2.0,-0.5009340422474493,0.0,-0.17994376757263403,-0.661166270451686,0.0,0.4,-0.04620372872196704,0.0,1.0,0.0,0.0,0.0,0.0,0.0,0.0,1.0,0.0,0.0,0.0,0.0,1.0,1.0,0.0,0.0,6.3
0.0,-0.3333333333333333,0.3706806282722523,-0.6785185185185187,-0.5669790154414678,-0.25446259020129164,-0.3127594055429109,0.0,-0.39977008190831986,0.0,-0.3127594055429109,-0.44357432526919355,-6.266666666666666,0.0,-0.04620372872196704,0.0,1.0,0.0,0.0,0.0,0.0,0.0,0.0,1.0,0.0,0.0,0.0,0.0,1.0,0.0,1.0,0.0,6.67
1.0,0.3333333333333333,0.16879581151832465,-0.5718518518518517,-0.5031014913554183,-0.6995822255981771,-0.5210871602624182,0.0,-0.6193418594625661,0.0,-0.5210871602624185,-0.6555726471822131,1.1999999999999997,0.0,2.649824371791408,0.0,1.0,0.0,0.0,0.0,0.0,0.0,0.0,1.0,0.0,0.0,0.0,0.0,1.0,0.0,1.0,0.0,6.49
1.0,1.0,0.585968586387435,-0.5659259259259259,-0.7121552065461265,-0.14001772376250166,-0.03909492569286405,0.0,-0.31125161661158235,0.0,-0.0390949256928643,-0.4575583834428756,0.06666666666666665,0.0,2.210483653066739,0.0,1.0,0.0,0.0,0.0,0.0,0.0,0.0,1.0,0.0,0.0,0.0,0.0,1.0,0.0,1.0,0.0,6.74
0.0,-1.0,-2.010052356020942,-0.7318518518518521,-1.458624785535172,-1.1376123559944302,-1.0882313562725938,3.0,-1.334961919816065,0.2269,-1.088231356272594,-1.4039994406376737,0.0,0.6,-0.04620372872196704,0.0,1.0,0.0,0.0,0.0,0.0,0.0,1.0,0.0,0.0,0.0,0.0,1.0,0.0,0.0,0.0,1.0,5.23
0.0,-0.3333333333333333,-2.5411518324607325,-1.3125925925925925,-0.7031806783687475,-1.188251677427523,-1.217833712679074,0.0,-1.126311251616611,0.3115,-1.2178337126790744,-1.0314641308907853,-6.533333333333332,0.0,-0.04620372872196704,0.0,1.0,0.0,0.0,0.0,0.0,0.0,1.0,0.0,0.0,0.0,0.0,1.0,0.0,0.0,1.0,0.0,5.1
1.0,0.3333333333333333,-2.6634554973821984,-1.3481481481481483,-0.9692490431569221,-1.1588808709963287,-1.4486544383451607,0.0,-1.2941514585428935,0.3309,-1.4486544383451607,-1.1562019298000286,-0.3999999999999999,0.0,3.1091596865711972,0.0,1.0,0.0,0.0,0.0,0.0,0.0,1.0,0.0,0.0,0.0,0.0,1.0,0.0,0.0,1.0,0.0,4.88
1.0,1.0,-2.356858638743455,-1.4074074074074074,-0.7443579253002508,-1.3011773642233198,-1.5059579595662074,0.0,-1.2866791205632986,0.2821,-1.505957959566208,-1.1153684799328774,-0.6666666666666666,0.0,2.8222102134558233,0.0,1.0,0.0,0.0,0.0,0.0,0.0,1.0,0.0,0.0,0.0,0.0,1.0,0.0,0.0,1.0,0.0,5.03
0.0,-1.0,0.3547643979057591,0.18666666666666637,-0.8214332849412697,0.013419420179769622,-0.0005355469272997787,0.0,-0.27906308377640476,0.0,-0.0005355469272994459,-0.4307089917494067,0.0,0.0,-0.04620372872196704,0.0,1.0,0.0,0.0,0.0,0.0,0.0,1.0,0.0,0.0,0.0,0.0,0.0,1.0,0.0,1.0,0.0,7.58
0.0,-0.3333333333333333,1.0232460732984296,0.07999999999999988,0.37640227002771504,-0.06405874161286243,-0.23456955415718356,0.0,0.04282224457537027,0.0,-0.23456955415718345,0.16109635016081644,-1.1999999999999997,0.0,-0.04620372872196704,0.0,1.0,0.0,0.0,0.0,0.0,0.0,1.0,0.0,0.0,0.0,0.0,0.0,1.0,0.0,1.0,0.0,8.03
1.0,0.3333333333333333,0.3824083769633518,0.2103703703703701,0.011086181866173613,-0.002278769464489263,0.11460704244209326,0.0,0.05834171576375917,0.0,0.1146070424420939,0.0022374493077886755,1.4666666666666666,0.0,0.587138611186166,0.0,1.0,0.0,0.0,0.0,0.0,0.0,1.0,0.0,0.0,0.0,0.0,0.0,1.0,0.0,1.0,0.0,7.65
1.0,1.0,0.1285863874345559,0.18074074074074056,-0.18001847696977744,-0.01747056589441696,-0.08408086758602262,0.0,-0.08765627245293893,0.0,-0.08408086758602251,-0.10739756677387868,-0.3333333333333333,0.0,0.48014050256687385,0.0,1.0,0.0,0.0,0.0,0.0,0.0,1.0,0.0,0.0,0.0,0.0,0.0,1.0,0.0,1.0,0.0,7.4
-2.0,-1.0,0.673089005235603,-0.2755555555555555,-0.4012142008710574,0.1486264084061275,-1.0164680680144604,0.0,-0.4388561574938929,0.0,-1.0164680680144607,-0.13312823381345323,0.0,0.0,-0.04620372872196704,1.0,0.0,0.0,0.0,0.0,0.0,0.0,0.0,0.0,1.0,0.0,0.0,0.0,1.0,0.0,1.0,0.0,7.01
-2.0,-0.3333333333333333,1.045026178010472,-0.25777777777777805,-0.9803352250230961,-0.41549563235852643,-0.4064801178203242,0.0,-0.6440580543181488,0.0,-0.4064801178203246,-0.7517829674171452,0.19999999999999996,0.0,-0.04620372872196704,1.0,0.0,0.0,0.0,0.0,0.0,0.0,0.0,0.0,1.0,0.0,0.0,0.0,1.0,0.0,1.0,0.0,6.45
-1.0,0.3333333333333333,0.3572774869109948,-0.42370370370370364,-0.678368747525406,0.21800227876946418,-0.056232427366448595,1.0,-0.16927719499928184,0.0,-0.05623242736644836,-0.24164452524122546,-1.8666666666666665,0.2,0.7843825992974872,1.0,0.0,0.0,0.0,0.0,0.0,0.0,0.0,0.0,1.0,0.0,0.0,0.0,1.0,1.0,0.0,0.0,6.89
-1.0,1.0,0.8498429319371736,-0.3940740740740741,-0.687343275702785,-0.4767692112925691,-0.1756593921542376,0.0,-0.478517028308665,0.0,-0.17565939215423787,-0.6298419801426381,0.3333333333333333,0.0,0.713590921372602,1.0,0.0,0.0,0.0,0.0,0.0,0.0,0.0,0.0,1.0,0.0,0.0,0.0,1.0,0.0,1.0,0.0,6.47
-1.0,-1.0,-1.4747643979057583,-0.7437037037037036,-0.5912630328626107,-1.101152044562603,-1.2328290266434603,2.0,-1.057910619341859,0.1417,-1.2328290266434605,-0.9240665641169075,0.0,0.4,-0.04620372872196704,0.0,1.0,0.0,0.0,0.0,0.0,0.0,1.0,0.0,0.0,0.0,0.0,1.0,0.0,1.0,0.0,0.0,5.1
-1.0,-0.3333333333333333,-1.3038743455497381,-1.38962962962963,-1.394747261449122,-0.41701481200151924,-1.413308341143393,0.0,-1.155051013076591,0.1145,-1.4133083411433933,-0.9721717242343735,-7.266666666666666,0.0,-0.04620372872196704,0.0,1.0,0.0,0.0,0.0,0.0,0.0,1.0,0.0,0.0,0.0,1.0,0.0,0.0,0.0,1.0,0.0,5.53
0.0,0.3333333333333333,-1.643141361256544,-1.2651851851851856,-1.0848620826184505,-1.1781238131409042,-0.7492301512920074,1.0,-1.0929731283230344,0.1685,-0.7492301512920074,-1.2283596699762278,1.3999999999999997,0.2,3.078897595244529,0.0,1.0,0.0,0.0,0.0,0.0,0.0,1.0,0.0,0.0,0.0,0.0,1.0,0.0,1.0,0.0,0.0,5.14
0.0,1.0,-1.5518324607329836,-1.294814814814815,-1.0838062557740529,-1.0297506013419424,-0.9532735305931188,3.0,-1.1096421899698228,0.154,-0.9532735305931189,-1.1455740455880303,-0.3333333333333333,0.6,2.6103755741691437,0.0,1.0,0.0,0.0,0.0,0.0,0.0,1.0,0.0,0.0,0.0,0.0,1.0,0.0,0.0,0.0,1.0,4.58
-2.0,-1.0,-1.438743455497382,-1.4251851851851853,-1.4686551405569483,-1.3102924420812765,-1.6077118757531135,1.0,-1.5895962063514866,0.136,-1.6077118757531137,-1.5046846594881844,0.0,0.2,-0.04620372872196704,1.0,0.0,0.0,0.0,0.0,0.0,0.0,1.0,0.0,0.0,0.0,0.0,1.0,0.0,1.0,0.0,0.0,4.46
-2.0,-0.3333333333333333,-1.3683769633507847,-1.7688888888888892,-1.8022964233865642,-1.3087732624382835,-1.9188646405141254,2.0,-1.8212386837189245,0.1248,-1.9188646405141263,-1.6803244301496303,-3.866666666666666,0.4,-0.04620372872196704,1.0,0.0,0.0,0.0,0.0,0.0,0.0,1.0,0.0,0.0,0.0,1.0,0.0,0.0,1.0,0.0,0.0,4.05
-1.0,0.3333333333333333,-1.3315183246073294,-1.8933333333333335,-1.4290616338920414,-1.151284972781365,-1.0170036149417598,0.0,-1.3039229774392869,0.1189,-1.01700361494176,-1.3956090057334647,-1.3999999999999997,0.0,2.165090516076736,1.0,0.0,0.0,0.0,0.0,0.0,0.0,1.0,0.0,0.0,0.0,1.0,0.0,0.0,0.0,1.0,0.0,4.82
-1.0,1.0,-2.163350785340314,-1.7807407407407407,-1.9332189520918566,-1.6566654006836314,-1.4561520953273535,3.0,-1.835033769219715,0.2513,-1.456152095327354,-1.9421059991609575,1.2666666666666664,0.6,1.8003242366927859,1.0,0.0,0.0,0.0,0.0,0.0,0.0,1.0,0.0,0.0,0.0,0.0,1.0,0.0,0.0,0.0,1.0,3.72
-1.0,-1.0,-1.3005235602094234,-0.4829629629629632,-0.9634419955127358,-0.8114951259653121,-0.29401526308742854,1.0,-0.7475211955740766,0.114,-0.2940152630874285,-0.9609844776954282,0.0,0.2,-0.04620372872196704,0.0,1.0,0.0,0.0,0.0,0.0,0.0,0.0,1.0,0.0,0.0,1.0,0.0,0.0,1.0,0.0,0.0,6.0
-1.0,-0.3333333333333333,0.04146596858638781,-0.8562962962962964,-0.33152962914082157,-0.4129636662868719,-0.8059981255857551,2.0,-0.5503664319586147,0.0,-0.8059981255857552,-0.4060970493637257,-4.199999999999999,0.4,-0.04620372872196704,0.0,1.0,0.0,0.0,0.0,0.0,0.0,0.0,1.0,0.0,0.0,0.0,0.0,1.0,1.0,0.0,0.0,5.79
0.0,0.3333333333333333,-0.8833507853403131,-0.9214814814814818,-0.4017421142932564,0.35422205342448443,-0.6019547462846437,0.0,-0.21296163241845073,0.0476,-0.6019547462846437,-0.02013704377010285,-0.7333333333333333,0.0,2.11159146176709,0.0,1.0,0.0,0.0,0.0,0.0,0.0,0.0,1.0,0.0,0.0,1.0,0.0,0.0,0.0,1.0,0.0,6.54
0.0,1.0,-0.7752879581151829,-0.7911111111111111,-0.40438168140425007,0.15976705912140787,-0.7438746820190123,0.0,-0.33826699238396335,0.0304,-0.7438746820190124,-0.12865333519787508,1.4666666666666666,0.0,1.7241286138881384,0.0,1.0,0.0,0.0,0.0,0.0,0.0,0.0,1.0,0.0,0.0,1.0,0.0,0.0,0.0,1.0,0.0,6.72
-2.0,-1.0,-0.5021989528795804,0.4355555555555552,-0.28876864194272195,0.24281554627168012,0.3223992502343016,0.0,0.11697082914211787,0.0,0.3223992502343015,-0.021815130750944753,0.0,0.0,-0.04620372872196704,1.0,0.0,0.0,0.0,1.0,0.0,0.0,0.0,0.0,0.0,0.0,0.0,0.0,1.0,0.0,1.0,0.0,8.07
-2.0,-0.3333333333333333,-0.22575916230366436,0.37037037037037035,0.39012801900488225,0.25902012913026945,0.1403132949524697,0.0,0.3043540738611869,0.0,0.14031329495247027,0.3468046427073131,-0.7333333333333333,0.0,-0.04620372872196704,1.0,0.0,0.0,0.0,1.0,0.0,0.0,0.0,0.0,0.0,0.0,0.0,0.0,1.0,0.0,1.0,0.0,7.67
-1.0,0.3333333333333333,-0.46952879581151746,0.25185185185185177,0.18318595750296862,0.19420179769591062,-0.18262150220913165,0.0,0.0888058629113379,0.0,-0.18262150220913126,0.20137043770102053,-1.3333333333333333,0.0,0.803296406376655,1.0,0.0,0.0,0.0,1.0,0.0,0.0,0.0,0.0,0.0,0.0,0.0,0.0,1.0,0.0,1.0,0.0,7.5
-1.0,1.0,-0.2869109947643977,0.18074074074074056,0.09713606968457111,0.3106722369920246,0.16655509439014515,0.0,0.22675671791924076,0.0,0.1665550943901461,0.22038875681722747,-0.7999999999999998,0.0,1.0,1.0,0.0,0.0,0.0,1.0,0.0,0.0,0.0,0.0,0.0,0.0,0.0,0.0,1.0,0.0,1.0,0.0,7.77
-1.0,-1.0,-2.8016753926701563,-1.2770370370370372,-1.531476837798601,-0.8970755791872392,-1.2992368456285985,2.0,-1.3458830291708572,0.3529,-1.299236845628599,-1.3094672073835836,0.0,0.4,-0.04620372872196704,1.0,0.0,0.0,1.0,0.0,0.0,0.0,0.0,0.0,0.0,0.0,0.0,1.0,0.0,1.0,0.0,0.0,4.9
-1.0,-0.3333333333333333,-3.3796858638743448,-1.508148148148148,-1.3525141876732216,-1.109254335991898,-1.3297630204846702,3.0,-1.3717488144848393,0.4449,-1.3297630204846707,-1.3318417004614747,-2.5999999999999996,0.6,-0.04620372872196704,1.0,0.0,0.0,1.0,0.0,0.0,0.0,0.0,0.0,0.0,0.0,0.0,1.0,0.0,0.0,0.0,1.0,4.4
0.0,0.3333333333333333,-3.1970680628272246,-1.6562962962962962,-1.035238220931767,-0.7243954931003926,-1.4486544383451607,2.0,-1.1539014226181918,0.4159,-1.4486544383451607,-0.9509159558103771,-1.6666666666666665,0.4,1.696568495001351,1.0,0.0,0.0,1.0,0.0,0.0,0.0,0.0,0.0,0.0,0.0,0.0,1.0,0.0,1.0,0.0,0.0,4.33
0.0,1.0,-2.6793717277486904,-1.7214814814814816,-1.0262636927543884,-1.6247626281807828,-1.4641852992368463,0.0,-1.496479379221152,0.3335,-1.4641852992368465,-1.4437141658509307,-0.7333333333333333,0.0,1.7516887327749258,1.0,0.0,0.0,1.0,0.0,0.0,0.0,0.0,0.0,0.0,0.0,0.0,1.0,0.0,0.0,1.0,0.0,4.58
-1.0,-1.0,0.031413612565445025,-0.10962962962962992,-0.09449650257357821,-0.11672363590327928,0.4321863703306999,0.0,0.09053024859893676,0.0,0.4321863703307004,-0.11746608865892931,0.0,0.0,-0.04620372872196704,1.0,0.0,0.0,0.0,0.0,0.0,0.0,0.0,0.0,1.0,0.0,0.0,0.0,1.0,0.0,1.0,0.0,7.69
-1.0,-0.3333333333333333,-0.0029319371727745836,0.14518518518518525,-0.1984954467467337,0.2043296619825293,-0.03373945641986931,1.0,0.0077597355941948585,0.0,-0.03373945641986925,0.005034260942524917,2.8666666666666663,0.2,-0.04620372872196704,1.0,0.0,0.0,0.0,0.0,0.0,0.0,0.0,0.0,1.0,0.0,0.0,0.0,1.0,1.0,0.0,0.0,7.45
0.0,0.3333333333333333,0.20481675392670218,0.07407407407407407,-0.43130526593638707,0.5157614887960503,0.5949926362297489,0.0,0.26584279350481377,0.0,0.5949926362297497,0.053698783386938544,-0.7999999999999998,0.0,1.152931640097271,1.0,0.0,0.0,0.0,0.0,0.0,0.0,0.0,0.0,1.0,0.0,0.0,0.0,1.0,0.0,1.0,0.0,7.59
0.0,1.0,-0.044816753926701286,0.07999999999999988,0.12300382737231004,0.13140903911887578,0.29026643459633084,0.0,0.21238683718925083,0.0,0.29026643459633117,0.13536568312124111,0.06666666666666665,0.0,0.9524452850580923,1.0,0.0,0.0,0.0,0.0,0.0,0.0,0.0,0.0,1.0,0.0,0.0,0.0,1.0,0.0,1.0,0.0,8.06
-1.0,-1.0,0.3698429319371733,-0.014814814814815025,0.2180282433680873,-0.07874414482845966,0.18529923684562827,0.0,0.13019111941370884,0.0,0.1852992368456285,0.06936092854146246,0.0,0.0,-0.04620372872196704,1.0,0.0,0.0,1.0,0.0,0.0,0.0,0.0,0.0,0.0,0.0,0.0,0.0,1.0,0.0,1.0,0.0,7.73
-1.0,-0.3333333333333333,0.09340314136125731,0.16888888888888898,0.2148607628348946,0.3749841752120523,0.34007229883518514,0.0,0.3560856444891502,0.0,0.3400722988351856,0.3182771640330015,2.0666666666666664,0.0,-0.04620372872196704,1.0,0.0,0.0,1.0,0.0,0.0,0.0,0.0,0.0,0.0,0.0,0.0,0.0,1.0,0.0,1.0,0.0,8.12
0.0,0.3333333333333333,0.1034554973821989,0.2814814814814813,0.022172363732347225,0.11571084947461689,0.3502476904538756,0.0,0.19169420893806538,0.0,0.35024769045387627,0.07271710250314546,1.2666666666666664,0.0,1.317751958930019,1.0,0.0,0.0,1.0,0.0,0.0,0.0,0.0,0.0,0.0,0.0,0.0,0.0,1.0,0.0,1.0,0.0,7.69
0.0,1.0,0.07664921465968638,0.23999999999999963,-0.027979411376535045,0.10001265983035801,0.36952737983665773,0.0,0.1744503520620776,0.0,0.36952737983665807,0.037477275905467074,-0.4666666666666666,0.0,1.1486084841934612,1.0,0.0,0.0,1.0,0.0,0.0,0.0,0.0,0.0,0.0,0.0,0.0,0.0,1.0,0.0,1.0,0.0,7.84
-2.0,-1.0,0.6345549738219898,0.6488888888888882,1.1703840570146484,1.1310292442081276,1.3945641986879096,0.0,1.3660008621928432,0.0,1.3945641986879105,1.2417843658229613,0.0,0.0,-0.04620372872196704,1.0,0.0,0.0,0.0,0.0,0.0,0.0,0.0,1.0,0.0,0.0,0.0,0.0,1.0,0.0,1.0,0.0,9.02
-2.0,-0.3333333333333333,0.7987434554973831,0.9333333333333329,1.2833575293651829,1.1016584377769338,1.0228946311420535,0.0,1.263112516166115,0.0,1.022894631142054,1.2854146273248492,3.1999999999999993,0.0,-0.04620372872196704,1.0,0.0,0.0,0.0,0.0,0.0,0.0,0.0,1.0,0.0,0.0,0.0,0.0,1.0,0.0,1.0,0.0,9.27
-1.0,0.3333333333333333,1.0324607329842934,1.0044444444444447,0.7554441071664237,1.075832383846057,0.9548801713750167,0.0,1.0372179910906736,0.0,0.9548801713750172,0.9917494056775271,0.7999999999999998,0.0,1.66954877060254,1.0,0.0,0.0,0.0,0.0,0.0,0.0,0.0,1.0,0.0,0.0,0.0,0.0,1.0,0.0,1.0,0.0,9.4
-1.0,1.0,0.12942408376963366,1.057777777777778,0.8932295103602998,1.1401443220660845,1.3945641986879096,0.0,1.2688604684581113,0.0,1.3945641986879105,1.1002656971052993,0.5999999999999999,0.0,1.6144285328289654,1.0,0.0,0.0,0.0,0.0,0.0,0.0,0.0,1.0,0.0,0.0,0.0,0.0,1.0,0.0,1.0,0.0,9.38
-1.0,-1.0,-0.04397905759162232,0.9925925925925919,0.5516695261977027,0.7811115331054564,1.0352122104699424,0.0,0.8802988935191832,0.0,1.0352122104699424,0.7210180394350434,0.0,0.0,-0.04620372872196704,1.0,0.0,0.0,0.0,0.0,0.0,0.0,0.0,1.0,0.0,0.0,0.0,0.0,1.0,0.0,1.0,0.0,9.11
-1.0,-0.3333333333333333,0.2885863874345556,0.9866666666666661,1.1635211825260647,0.6276743891631852,1.3945641986879096,0.0,1.1728696651817785,0.0,1.3945641986879105,0.9604251153684794,-0.06666666666666665,0.0,-0.04620372872196704,1.0,0.0,0.0,0.0,0.0,0.0,0.0,0.0,1.0,0.0,0.0,0.0,0.0,1.0,0.0,1.0,0.0,9.24
0.0,0.3333333333333333,0.7987434554973831,1.0281481481481478,1.17830275834763,1.163438409925307,1.2001606640781897,0.0,1.3113953154188813,0.0,1.20016066407819,1.2641588589008528,0.4666666666666666,0.0,0.15860578222102137,1.0,0.0,0.0,0.0,0.0,0.0,0.0,0.0,1.0,0.0,0.0,0.0,0.0,1.0,0.0,1.0,0.0,9.46
0.0,1.0,0.6940314136125664,1.081481481481481,1.3599049755840031,1.1011520445626033,1.2371134020618555,0.0,1.3671504526512421,0.0,1.2371134020618562,1.3256887148650534,0.5999999999999999,0.0,0.35098621994055657,1.0,0.0,0.0,0.0,0.0,0.0,0.0,0.0,1.0,0.0,0.0,0.0,0.0,1.0,0.0,1.0,0.0,9.45
-2.0,-1.0,0.04481675392670247,0.3762962962962962,-0.5632836214860765,0.21141916698316232,-0.347569955817379,0.0,-0.2342290558988361,0.0,-0.34756995581737904,-0.18458956789260308,0.0,0.0,-0.04620372872196704,0.0,1.0,0.0,1.0,0.0,0.0,0.0,0.0,0.0,0.0,0.0,0.0,0.0,1.0,0.0,1.0,0.0,7.35
-2.0,-0.3333333333333333,-0.40083769633507826,-0.05629629629629668,-0.5664511020192692,-0.08228889732877581,-0.5119828624983266,0.0,-0.40551803420031635,0.0,-0.5119828624983267,-0.347923367361209,-4.866666666666666,0.0,-0.04620372872196704,0.0,1.0,0.0,1.0,0.0,0.0,0.0,0.0,0.0,0.0,0.0,0.0,0.0,1.0,0.0,1.0,0.0,6.99
-1.0,0.3333333333333333,-1.082722513089005,-0.16296296296296317,-0.4957107034446356,-1.0758323838460566,-0.7610121836925965,0.0,-0.8446615893088084,0.0793,-0.7610121836925964,-0.8591805341910231,-1.1999999999999997,0.0,2.55795730883545,0.0,1.0,0.0,1.0,0.0,0.0,0.0,0.0,0.0,0.0,0.0,1.0,0.0,0.0,0.0,1.0,0.0,6.82
-1.0,1.0,-0.1922513089005225,-0.23407407407407435,-0.21961198363468437,-0.6352702873781494,-0.3497121435265766,0.0,-0.4308090242850985,0.0,-0.3497121435265768,-0.4698643546357157,-0.7999999999999998,0.0,2.449338016752229,0.0,1.0,0.0,1.0,0.0,0.0,0.0,0.0,0.0,0.0,0.0,0.0,0.0,1.0,0.0,1.0,0.0,6.89
0.0,-1.0,-1.0936125654450255,-1.06962962962963,-1.1218160221723634,-1.1563489049246742,-1.05984736912572,1.0,-1.2096565598505529,0.0811,-1.0598473691257204,-1.2356313802265424,0.0,0.2,-0.04620372872196704,1.0,0.0,0.0,0.0,1.0,0.0,0.0,0.0,0.0,0.0,0.0,1.0,0.0,0.0,1.0,0.0,0.0,5.15
0.0,-0.3333333333333333,-1.0014659685863874,-1.3599999999999999,-1.4116404909594824,-0.7846562856057729,-1.5257731958762892,2.0,-1.340709872108061,0.0664,-1.5257731958762895,-1.1836106838204454,-3.266666666666666,0.4,-0.04620372872196704,1.0,0.0,0.0,0.0,1.0,0.0,0.0,0.0,0.0,0.0,0.0,1.0,0.0,0.0,1.0,0.0,0.0,4.94
1.0,0.3333333333333333,-1.5945549738219893,-1.4251851851851853,-1.7489771677444894,-1.6283073806810993,-1.4266970143258808,2.0,-1.7470900991521765,0.1608,-1.426697014325881,-1.8285554467906595,-0.7333333333333333,0.4,1.6798162658740883,1.0,0.0,0.0,0.0,1.0,0.0,0.0,0.0,0.0,0.0,0.0,0.0,1.0,0.0,1.0,0.0,0.0,4.36
1.0,1.0,-1.7042931937172767,-1.5555555555555556,-1.7933218952091852,-1.5543739713887839,-0.7674387468201904,1.0,-1.4993533553671499,0.1783,-0.7674387468201903,-1.8112152146552938,-1.4666666666666666,0.2,1.8268035666036209,1.0,0.0,0.0,0.0,1.0,0.0,0.0,0.0,0.0,0.0,0.0,0.0,1.0,0.0,1.0,0.0,0.0,4.95
-1.0,-1.0,0.0615706806282722,0.3585185185185188,-0.47987330077867224,0.005317128750474946,-0.32882581336189665,0.0,-0.27561431240120704,0.0,-0.32882581336189604,-0.25395049643406553,0.0,0.0,-0.04620372872196704,0.0,1.0,0.0,0.0,0.0,0.0,1.0,0.0,0.0,0.0,0.0,0.0,0.0,1.0,0.0,1.0,0.0,7.55
-1.0,-0.3333333333333333,-0.22575916230366436,0.06222222222222195,-0.13409000923848516,-0.8074439802506649,0.07711875753112854,0.0,-0.3124012070699813,0.0,0.07711875753112853,-0.5196476017340236,-3.333333333333333,0.0,-0.04620372872196704,0.0,1.0,0.0,0.0,0.0,0.0,1.0,0.0,0.0,0.0,0.0,0.0,0.0,1.0,0.0,1.0,0.0,7.57
0.0,0.3333333333333333,-0.7518324607329838,0.06814814814814775,-0.221723637323479,-0.18407393340929262,-0.24849377426697095,0.0,-0.22445753700244284,0.0267,-0.24849377426697022,-0.2215074814711234,0.06666666666666665,0.0,1.4982437179140773,0.0,1.0,0.0,0.0,0.0,0.0,1.0,0.0,0.0,0.0,0.0,1.0,0.0,0.0,0.0,1.0,0.0,7.22
0.0,1.0,-0.7861780104712034,0.0029629629629629,-0.3610927807839514,0.016457779465755308,-0.17298165751774022,0.0,-0.17215117114527967,0.0321,-0.17298165751774006,-0.18458956789260308,-0.7333333333333333,0.0,1.4106998108619293,0.0,1.0,0.0,0.0,0.0,0.0,1.0,0.0,0.0,0.0,0.0,1.0,0.0,0.0,0.0,1.0,0.0,7.23
0.0,-1.0,0.13193717277486935,-0.32888888888888923,-0.47248251286788956,0.2914292948474489,-0.18797697148212641,1.0,-0.11409685299612005,0.0,-0.1879769714821263,-0.09173542161935477,0.0,0.2,-0.04620372872196704,0.0,1.0,0.0,0.0,0.0,0.0,0.0,0.0,1.0,0.0,0.0,0.0,0.0,1.0,1.0,0.0,0.0,6.82
0.0,-0.3333333333333333,0.5365445026178012,-0.37037037037037035,0.10294311732875742,-0.024053677680718796,-0.4064801178203242,1.0,-0.10260094841212794,0.0,-0.4064801178203246,0.03859600055936141,-0.4666666666666666,0.2,-0.04620372872196704,0.0,1.0,0.0,0.0,0.0,0.0,0.0,0.0,1.0,0.0,0.0,0.0,0.0,1.0,1.0,0.0,0.0,6.9
1.0,0.3333333333333333,0.43267015706806333,-0.3466666666666666,-0.5268575953543618,-0.16381820483605522,0.33900120498058633,0.0,-0.11754562437131776,0.0,0.3390012049805861,-0.3719759474199416,0.2666666666666666,0.0,0.1434747365576871,0.0,1.0,0.0,0.0,0.0,0.0,0.0,0.0,1.0,0.0,0.0,0.0,0.0,1.0,0.0,1.0,0.0,7.19
1.0,1.0,0.5264921465968595,-0.2814814814814818,-0.1303946152830942,-0.11773642233194093,0.4932387200428434,0.0,0.09915217703693022,0.0,0.49323872004284375,-0.1370437701020846,0.7333333333333333,0.0,0.29694677114293433,0.0,1.0,0.0,0.0,0.0,0.0,0.0,0.0,1.0,0.0,0.0,0.0,0.0,1.0,0.0,1.0,0.0,7.31
0.0,-1.0,-0.3991623036649215,-0.7318518518518521,-0.6825920549029959,-0.8965691859729081,-1.1160797964921683,0.0,-0.9716913349619194,0.0,-1.1160797964921683,-0.8591805341910231,0.0,0.0,-0.04620372872196704,0.0,1.0,0.0,0.0,1.0,0.0,0.0,0.0,0.0,0.0,0.0,0.0,0.0,1.0,0.0,1.0,0.0,5.95
0.0,-0.3333333333333333,-0.4469109947643974,-0.885925925925926,-0.9824468787118911,-0.7112292695277886,-1.0330700227607448,0.0,-0.9808880586291128,0.0,-1.0330700227607452,-0.9162354915396455,-1.7333333333333332,0.0,-0.04620372872196704,0.0,1.0,0.0,0.0,1.0,0.0,0.0,0.0,0.0,0.0,0.0,0.0,0.0,1.0,0.0,1.0,0.0,5.98
1.0,0.3333333333333333,-0.3296335078534021,-0.8800000000000002,-0.9080110861818662,-1.5032282567413602,-0.8017137501673588,0.0,-1.1705704842649802,0.0,-0.801713750167359,-1.3139421059991616,0.06666666666666665,0.0,0.7497973520670088,0.0,1.0,0.0,0.0,1.0,0.0,0.0,0.0,0.0,0.0,0.0,0.0,0.0,1.0,0.0,1.0,0.0,5.81
1.0,1.0,0.1528795811518327,-0.9096296296296297,-1.8123267784083408,-0.22509178377009792,-1.0844825277814973,1.0,-1.1165397327202182,0.0,-1.0844825277814973,-1.0874003635855134,-0.3333333333333333,0.2,0.6925155363415293,0.0,1.0,0.0,0.0,1.0,0.0,0.0,0.0,0.0,0.0,0.0,0.0,0.0,1.0,1.0,0.0,0.0,5.69
0.0,-1.0,0.735916230366493,0.9807407407407404,1.1075623597729962,0.8945436131155848,0.4627125451867713,0.0,0.9205345595631552,0.0,0.4627125451867718,1.0784505663543555,0.0,0.0,-0.04620372872196704,1.0,0.0,0.0,0.0,0.0,1.0,0.0,0.0,0.0,0.0,0.0,0.0,0.0,1.0,0.0,1.0,0.0,9.35
0.0,-0.3333333333333333,-0.05403141361256511,1.1288888888888886,0.8161541507192813,0.46056462843397905,0.7513723390012043,0.0,0.7538439430952717,0.0,0.7513723390012051,0.684100125856523,1.6666666666666665,0.0,-0.04620372872196704,1.0,0.0,0.0,0.0,0.0,1.0,0.0,0.0,0.0,0.0,0.0,0.0,0.0,1.0,0.0,1.0,0.0,9.16
1.0,0.3333333333333333,0.4025130890052362,1.0696296296296295,0.8430777352514175,1.1695151284972785,0.8900789931717762,0.0,1.0814772237390424,0.0,0.8900789931717772,1.0896378128933013,-0.6666666666666666,0.0,0.6336125371521211,1.0,0.0,0.0,0.0,0.0,1.0,0.0,0.0,0.0,0.0,0.0,0.0,0.0,1.0,0.0,1.0,0.0,9.2
1.0,1.0,0.5817801047120426,1.0637037037037036,1.0748317275966728,0.2954804405620962,0.9286383719373404,0.0,0.8486851559132056,0.0,0.9286383719373414,0.7299678366661997,-0.06666666666666665,0.0,0.5093218049175898,1.0,0.0,0.0,0.0,0.0,1.0,0.0,0.0,0.0,0.0,0.0,0.0,0.0,1.0,0.0,1.0,0.0,9.24
-1.0,-1.0,0.2785340314136128,0.40592592592592625,0.17421142932559036,1.0591214077731363,0.6774668630338729,0.0,0.7205058198016951,0.0,0.6774668630338734,0.6745909662984192,0.0,0.0,-0.04620372872196704,0.0,1.0,0.0,0.0,1.0,0.0,0.0,0.0,0.0,0.0,0.0,0.0,0.0,1.0,0.0,1.0,0.0,8.27
-1.0,-0.3333333333333333,-0.901780104712042,0.4888888888888885,1.116008974528176,-0.04886694518293473,-0.026241799437676214,0.0,0.3917229486995255,0.0505,-0.02624179943767582,0.5615997762550688,0.9333333333333332,0.0,-0.04620372872196704,0.0,1.0,0.0,0.0,1.0,0.0,0.0,0.0,0.0,0.0,0.0,1.0,0.0,0.0,0.0,1.0,0.0,8.37
0.0,0.3333333333333333,0.7476439790575926,0.5185185185185185,0.8272403325854549,0.5431067223699201,0.5735707591377691,0.0,0.7251041816352918,0.0,0.5735707591377696,0.7355614599356729,0.3333333333333333,0.0,0.4860848419346123,0.0,1.0,0.0,0.0,1.0,0.0,0.0,0.0,0.0,0.0,0.0,0.0,0.0,1.0,0.0,1.0,0.0,8.62
0.0,1.0,0.1796858638743464,0.5777777777777776,0.4767058202454788,0.40182301557159156,0.3979113669835315,0.0,0.4819657996838627,0.0,0.3979113669835317,0.47210180394350354,0.6666666666666666,0.0,0.6060524182653337,0.0,1.0,0.0,0.0,1.0,0.0,0.0,0.0,0.0,0.0,0.0,0.0,0.0,1.0,0.0,1.0,0.0,8.19
0.0,-1.0,0.4343455497382201,1.2414814814814807,0.3241388412300374,0.48335232307887094,0.4134422278752175,0.0,0.46299755712027524,0.0,0.4134422278752174,0.43630261501887757,0.0,0.0,-0.04620372872196704,0.0,0.0,1.0,0.0,0.0,1.0,0.0,0.0,0.0,0.0,0.0,0.0,0.0,1.0,0.0,1.0,0.0,9.27
0.0,-0.3333333333333333,0.3179057591623038,1.081481481481481,0.19057674541375128,0.34915812128117474,0.49912973624313794,0.0,0.3940221296163242,0.0,0.4991297362431383,0.29086841001258507,-1.7999999999999998,0.0,-0.04620372872196704,0.0,0.0,1.0,0.0,0.0,1.0,0.0,0.0,0.0,0.0,0.0,0.0,0.0,1.0,0.0,1.0,0.0,8.81
1.0,0.3333333333333333,0.2785340314136128,0.9451851851851845,0.10083146363996282,0.10760855804532223,-0.021957424019280268,0.0,0.08363270584854132,0.0,-0.021957424019279657,0.11019437840861333,-1.5333333333333332,0.0,1.3064036746825185,0.0,0.0,1.0,0.0,0.0,1.0,0.0,0.0,0.0,0.0,0.0,0.0,0.0,1.0,0.0,1.0,0.0,8.78
1.0,1.0,-0.1629319371727743,0.8918518518518512,0.10030355021776378,0.08735282947208481,0.5928504485205512,0.0,0.29573214542319265,0.0,0.5928504485205514,0.0984477695427208,-0.5999999999999999,0.0,1.378816536071332,0.0,0.0,1.0,0.0,0.0,1.0,0.0,0.0,0.0,0.0,0.0,0.0,0.0,1.0,0.0,1.0,0.0,8.5
-2.0,-1.0,0.6571727748691099,-0.1985185185185185,0.09080110861818576,0.3754905684263835,0.11782032400589042,2.0,0.23135507975283828,0.0,0.11782032400589117,0.25283177178016963,0.0,0.4,-0.04620372872196704,0.0,1.0,0.0,0.0,0.0,0.0,0.0,1.0,0.0,0.0,0.0,0.0,0.0,1.0,1.0,0.0,0.0,7.31
-2.0,-0.3333333333333333,-0.2148691099476438,-0.0800000000000004,0.384848884782895,0.4666413470059504,0.45253715356808083,0.0,0.492312113809455,0.0,0.4525371535680817,0.4586771080967691,1.3333333333333333,0.0,-0.04620372872196704,0.0,1.0,0.0,0.0,0.0,0.0,0.0,1.0,0.0,0.0,0.0,0.0,0.0,1.0,0.0,1.0,0.0,7.65
-1.0,0.3333333333333333,0.08418848167539347,0.020740740740740823,0.2829615942985341,0.212431953411824,0.5998125585754446,1.0,0.41184078172151106,0.0,0.5998125585754454,0.2645783806460629,1.1333333333333333,0.2,0.9546068630099973,0.0,1.0,0.0,0.0,0.0,0.0,0.0,1.0,0.0,0.0,0.0,0.0,0.0,1.0,1.0,0.0,0.0,7.94
-1.0,1.0,-0.11518324607329843,0.1096296296296294,-0.18213013065857206,0.21344473984048637,1.0325344758334443,0.0,0.3986204914499209,0.0,1.0325344758334452,0.01901831911620692,0.9999999999999998,0.0,1.1631991353688194,0.0,1.0,0.0,0.0,0.0,0.0,0.0,1.0,0.0,0.0,0.0,0.0,0.0,1.0,0.0,1.0,0.0,7.7
0.0,-1.0,-0.8029319371727743,0.13925925925925892,0.8763362808499399,0.45803266236232454,0.15852189048065304,0.0,0.5624371317718059,0.0348,0.1585218904806532,0.7148650538386233,0.0,0.0,-0.04620372872196704,0.0,1.0,0.0,1.0,0.0,0.0,0.0,0.0,0.0,0.0,0.0,1.0,0.0,0.0,0.0,1.0,0.0,7.92
0.0,-0.3333333333333333,-0.15204188481675374,0.2814814814814813,0.389072192160485,0.5122167362957335,0.10121836925960565,0.0,0.38540020117832996,0.0,0.10121836925960598,0.4866452244441331,1.5999999999999996,0.0,-0.04620372872196704,0.0,1.0,0.0,1.0,0.0,0.0,0.0,0.0,0.0,0.0,0.0,0.0,0.0,1.0,0.0,1.0,0.0,7.99
1.0,0.3333333333333333,-0.7535078534031405,0.305185185185185,0.3478949452289817,0.09191036840106333,0.15048868657116016,0.0,0.22905589883603952,0.0269,0.15048868657116093,0.23269472801006758,0.2666666666666666,0.0,0.7719535260740341,0.0,1.0,0.0,1.0,0.0,0.0,0.0,0.0,0.0,0.0,0.0,1.0,0.0,0.0,0.0,1.0,0.0,8.13
1.0,1.0,0.14450261780104784,0.3348148148148145,0.5949584268180014,0.05241169768325089,0.26295354130405657,0.0,0.344014944675959,0.0,0.26295354130405646,0.3412110194378406,0.3333333333333333,0.0,0.7449338016752229,0.0,1.0,0.0,1.0,0.0,0.0,0.0,0.0,0.0,0.0,0.0,0.0,0.0,1.0,0.0,1.0,0.0,8.24
-1.0,-1.0,-0.6127748691099475,0.16888888888888898,0.46139633100171523,0.07368021268514995,0.2854465122506359,0.0,0.3118264118407814,0.0045,0.28544651225063616,0.2824779751083755,0.0,0.0,-0.04620372872196704,1.0,0.0,0.0,0.0,0.0,0.0,0.0,0.0,0.0,1.0,0.0,1.0,0.0,0.0,0.0,1.0,0.0,7.88
-1.0,-0.3333333333333333,-0.885026178010471,0.25777777777777755,0.45875676389072156,0.08431447018609985,0.011246485473289262,0.0,0.21698519902284832,0.0479,0.011246485473289552,0.28695287372395445,0.9999999999999998,0.0,-0.04620372872196704,1.0,0.0,0.0,0.0,0.0,0.0,0.0,0.0,0.0,1.0,0.0,1.0,0.0,0.0,0.0,1.0,0.0,7.93
0.0,0.3333333333333333,-1.043350785340314,0.26962962962962966,0.12775504817209904,0.10963413090264625,0.5044852055161327,0.0,0.28251185515160165,0.0731,0.5044852055161333,0.12529716123619047,0.1333333333333333,0.0,0.4558227506079438,1.0,0.0,0.0,0.0,0.0,0.0,0.0,0.0,0.0,1.0,0.0,1.0,0.0,0.0,0.0,1.0,0.0,8.01
0.0,1.0,-0.8322513089005226,0.2933333333333334,0.3521182526065717,0.5101911634384102,0.36310081670906347,0.0,0.465296738037074,0.0395,0.36310081670906413,0.4653894560201367,0.2666666666666666,0.0,0.4498784112402054,1.0,0.0,0.0,0.0,0.0,0.0,0.0,0.0,0.0,1.0,0.0,1.0,0.0,0.0,0.0,1.0,0.0,8.04
-1.0,-1.0,0.14198952879581214,-0.8148148148148148,0.1662927279926087,-0.27674389163185237,0.14995313964386114,1.0,0.023854002011782834,0.0,0.1499531396438609,-0.06712347923367458,0.0,0.2,-0.04620372872196704,0.0,1.0,0.0,0.0,0.0,0.0,0.0,0.0,0.0,1.0,0.0,0.0,0.0,1.0,1.0,0.0,0.0,6.4
-1.0,-0.3333333333333333,-0.3547643979057591,-0.6192592592592592,-0.3732347894945231,-0.26509684770224085,-0.3529254250903737,0.0,-0.3474637160511567,0.0,-0.35292542509037406,-0.34680464270731465,2.1999999999999997,0.0,-0.04620372872196704,0.0,1.0,0.0,0.0,0.0,0.0,0.0,0.0,0.0,1.0,0.0,0.0,0.0,1.0,0.0,1.0,0.0,6.59
0.0,0.3333333333333333,-0.059057591623036504,-0.5600000000000002,-0.13725748977167782,-0.001265983035827608,0.06962110054893544,1.0,-0.011208506969392573,0.0,0.0696211005489357,-0.07607327646483086,0.6666666666666666,0.2,1.169683869224534,0.0,1.0,0.0,0.0,0.0,0.0,0.0,0.0,0.0,1.0,0.0,0.0,0.0,1.0,1.0,0.0,0.0,6.79
0.0,1.0,-0.481256544502617,-0.5066666666666669,-0.9064273459152699,0.18913786555260162,-0.6148078725398319,0.0,-0.46299755712027607,0.0,-0.6148078725398316,-0.3781289330163617,0.5999999999999999,0.0,1.1804917589840584,0.0,1.0,0.0,0.0,0.0,0.0,0.0,0.0,0.0,1.0,0.0,0.0,0.0,1.0,0.0,1.0,0.0,6.53
0.0,-1.0,-0.02303664921465897,-0.10370370370370413,0.39699089349346667,-0.5572857323711865,-0.5639309144463788,1.0,-0.2543468889208217,0.0,-0.5639309144463789,-0.1001258565235635,0.0,0.2,-0.04620372872196704,0.0,1.0,0.0,0.0,0.0,0.0,1.0,0.0,0.0,0.0,0.0,0.0,0.0,1.0,1.0,0.0,0.0,7.16
0.0,-0.3333333333333333,-0.037277486910994195,-0.16888888888888898,-0.3579253002507595,0.17445246233700437,-0.29401526308742854,0.0,-0.1549073142692919,0.0,-0.2940152630874285,-0.09621032023493292,-0.7333333333333333,0.0,-0.04620372872196704,0.0,1.0,0.0,0.0,0.0,0.0,1.0,0.0,0.0,0.0,0.0,0.0,0.0,1.0,0.0,1.0,0.0,7.5
1.0,0.3333333333333333,0.25759162303664945,-0.06814814814814828,-0.30091065065329287,0.5137359159387264,-0.29401526308742854,1.0,-0.00546055467739611,0.0,-0.2940152630874285,0.1213816249475591,1.1333333333333333,0.2,0.4196163199135369,0.0,1.0,0.0,0.0,0.0,0.0,1.0,0.0,0.0,0.0,0.0,0.0,0.0,1.0,1.0,0.0,0.0,7.23
1.0,1.0,0.1285863874345559,-0.0859259259259262,0.2650125379437769,0.331940751993923,-0.12317579327888667,0.0,0.19226900416726525,0.0,-0.12317579327888623,0.32107397566773854,-0.19999999999999996,0.0,0.3547689813563902,0.0,1.0,0.0,0.0,0.0,0.0,1.0,0.0,0.0,0.0,0.0,0.0,0.0,1.0,0.0,1.0,0.0,7.3
0.0,-1.0,-0.7442931937172768,-0.6192592592592592,-0.5231622013989708,-0.30611469806304614,-0.565002008300978,0.0,-0.4934617042678548,0.0255,-0.5650020083009778,-0.4486085862117193,0.0,0.0,-0.04620372872196704,0.0,1.0,0.0,0.0,0.0,0.0,0.0,0.0,1.0,0.0,0.0,1.0,0.0,0.0,0.0,1.0,0.0,6.64
0.0,-0.3333333333333333,-0.4309947643979054,-0.47703703703703737,-1.075359641018873,-0.14457526269148016,-0.8440219574240195,0.0,-0.7325765196148871,0.0,-0.8440219574240201,-0.6522164732205293,1.5999999999999996,0.0,-0.04620372872196704,0.0,1.0,0.0,0.0,0.0,0.0,0.0,0.0,1.0,0.0,0.0,0.0,0.0,1.0,0.0,1.0,0.0,6.37
1.0,0.3333333333333333,0.48460732984293287,-0.5600000000000002,-0.3806255774053058,-0.39675908342828187,-0.17780157986343592,0.0,-0.33769219715476345,0.0,-0.17780157986343564,-0.4234372814990915,-0.9333333333333332,0.0,0.6055120237773575,0.0,1.0,0.0,0.0,0.0,0.0,0.0,0.0,1.0,0.0,0.0,0.0,0.0,1.0,0.0,1.0,0.0,6.5
1.0,1.0,0.5667015706806283,-0.5600000000000002,-0.47037085917909494,-0.3881503987846567,-0.3481055027446788,0.0,-0.42793504813910066,0.0,-0.34810550274467844,-0.46650818067403266,0.0,0.0,0.4871656309105647,0.0,1.0,0.0,0.0,0.0,0.0,0.0,0.0,1.0,0.0,0.0,0.0,0.0,1.0,0.0,1.0,0.0,6.66
-1.0,-1.0,-2.0368586387434555,-0.9570370370370371,-1.0479081430645374,-1.4429674642359795,-1.5573704645869597,0.0,-1.468889208219571,0.2312,-1.5573704645869604,-1.3547755558663133,0.0,0.0,-0.04620372872196704,0.0,1.0,0.0,0.0,1.0,0.0,0.0,0.0,0.0,0.0,0.0,0.0,1.0,0.0,0.0,1.0,0.0,5.21
-1.0,-0.3333333333333333,-3.0630366492146597,-1.3244444444444445,-0.7950376138313318,-1.7240156981896448,-1.391886464051413,0.0,-1.4246299755712024,0.3945,-1.3918864640514133,-1.3760313242903097,-4.133333333333333,0.0,-0.04620372872196704,0.0,1.0,0.0,0.0,1.0,0.0,0.0,0.0,0.0,0.0,0.0,0.0,1.0,0.0,0.0,1.0,0.0,5.03
0.0,0.3333333333333333,-2.4883769633507846,-1.377777777777778,-1.2469315032334698,-1.1836941384985444,-1.4888204578926234,0.0,-1.4188820232792063,0.3031,-1.4888204578926236,-1.3167389176338982,-0.5999999999999999,0.0,2.04296136179411,0.0,1.0,0.0,0.0,1.0,0.0,0.0,0.0,0.0,0.0,0.0,0.0,1.0,0.0,0.0,1.0,0.0,5.0
0.0,1.0,-2.6835602094240834,-1.4014814814814816,-1.642866569882539,-1.0135460184833527,-1.2012317579327894,1.0,-1.3953154188820225,0.3341,-1.2012317579327896,-1.4330862816389325,-0.2666666666666666,0.2,1.8500405295865983,0.0,1.0,0.0,0.0,1.0,0.0,0.0,0.0,0.0,0.0,0.0,0.0,1.0,0.0,1.0,0.0,0.0,4.94
0.0,-1.0,0.0029319371727757736,0.24592592592592594,0.39751880691566494,0.7188251677427521,0.9018610255723652,0.0,0.7532691478660726,0.0,0.9018610255723661,0.6052300377569567,0.0,0.0,-0.04620372872196704,0.0,1.0,0.0,0.0,0.0,0.0,0.0,1.0,0.0,0.0,0.0,0.0,0.0,1.0,0.0,1.0,0.0,8.22
0.0,-0.3333333333333333,0.38073298429319385,0.4592592592592595,1.1218160221723623,0.6307127484491708,1.2671040299906278,0.0,1.1136657565742198,0.0,1.267104029990628,0.9397287092714297,2.3999999999999995,0.0,-0.04620372872196704,0.0,1.0,0.0,0.0,0.0,0.0,0.0,1.0,0.0,0.0,0.0,0.0,0.0,1.0,0.0,1.0,0.0,8.79
1.0,0.3333333333333333,-0.2575916230366483,0.6251851851851851,0.8388544278738276,0.6904671477402207,0.9157852456821526,0.0,0.9078890645207641,0.0,0.9157852456821529,0.8233813452663955,1.8666666666666665,0.0,1.6873817887057552,0.0,1.0,0.0,0.0,0.0,0.0,0.0,1.0,0.0,0.0,0.0,0.0,0.0,1.0,0.0,1.0,0.0,8.83
1.0,1.0,0.3421989528795818,0.6903703703703699,0.22964233865645992,0.5279149259399923,0.34275003347168254,0.0,0.4198879149303055,0.0,0.3427500334716828,0.410571947979303,0.7333333333333333,0.0,1.7624966225344503,0.0,1.0,0.0,0.0,0.0,0.0,0.0,1.0,0.0,0.0,0.0,0.0,0.0,1.0,0.0,1.0,0.0,8.29
0.0,-1.0,0.8900523560209425,-0.15703703703703736,0.06862874488583853,0.22863653627041405,-0.12478243406078525,0.0,0.08133352493174258,0.0,-0.12478243406078457,0.1599776255069213,0.0,0.0,-0.04620372872196704,0.0,1.0,0.0,0.0,0.0,0.0,0.0,0.0,1.0,0.0,0.0,0.0,0.0,1.0,0.0,1.0,0.0,7.22
0.0,-0.3333333333333333,0.9478534031413622,-0.13333333333333364,-0.0005279134221990292,0.6357766805924798,0.00589101620029376,1.0,0.25664606983762045,0.0,0.0058910162002944995,0.34848272968815497,0.2666666666666666,0.2,-0.04620372872196704,0.0,1.0,0.0,0.0,0.0,0.0,0.0,0.0,1.0,0.0,0.0,0.0,0.0,1.0,1.0,0.0,0.0,7.24
1.0,0.3333333333333333,1.0517277486911,-0.12740740740740733,-0.3214992741190445,-0.41397645271553357,-0.29562190386932713,0.0,-0.36470757292714445,0.0,-0.2956219038693268,-0.40162215074814755,0.06666666666666665,0.0,0.09700081059173198,0.0,1.0,0.0,0.0,0.0,0.0,0.0,0.0,1.0,0.0,0.0,0.0,0.0,1.0,0.0,1.0,0.0,7.3
1.0,1.0,0.5876439790575917,-0.11555555555555573,0.9486604196911693,-0.04025826053930887,0.16227071897174922,0.0,0.4014944675959187,0.0,0.16227071897174994,0.4776954272129768,0.1333333333333333,0.0,0.11267225074304243,0.0,1.0,0.0,0.0,0.0,0.0,0.0,0.0,1.0,0.0,0.0,0.0,0.0,1.0,0.0,1.0,0.0,7.88
-1.0,-1.0,-1.1380104712041879,-1.0222222222222226,-1.6333641282829614,-1.6490695024686672,-1.3902798232695144,0.0,-1.6999568903578095,0.0881,-1.3902798232695148,-1.7787721996923516,0.0,0.0,-0.04620372872196704,0.0,1.0,0.0,0.0,0.0,0.0,1.0,0.0,0.0,0.0,0.0,1.0,0.0,0.0,0.0,1.0,0.0,5.19
-1.0,-0.3333333333333333,-1.7872251308900517,-1.3362962962962963,-1.3123927675861156,-1.1816685656412207,-1.3656446646137372,2.0,-1.397614599798821,0.1915,-1.3656446646137377,-1.3503006572507352,-3.5333333333333328,0.4,-0.04620372872196704,0.0,1.0,0.0,0.0,0.0,0.0,1.0,0.0,0.0,0.0,0.0,0.0,1.0,0.0,1.0,0.0,0.0,4.89
0.0,0.3333333333333333,-2.252984293193717,-1.4251851851851853,-1.668734327570278,-1.7609824028358023,-1.8894095595126528,3.0,-1.9333237534128456,0.2656,-1.8894095595126534,-1.8593203747727598,-0.9999999999999998,0.6,1.8846257768170767,0.0,1.0,0.0,0.0,0.0,0.0,1.0,0.0,0.0,0.0,0.0,0.0,1.0,0.0,0.0,0.0,1.0,3.86
0.0,1.0,-2.147434554973821,-1.6562962962962962,-1.202058862346575,-1.4227117356627423,-1.6639443031195613,0.0,-1.5556832878287101,0.2488,-1.6639443031195618,-1.4252552090616706,-2.5999999999999996,0.0,2.347203458524723,0.0,1.0,0.0,0.0,0.0,0.0,1.0,0.0,0.0,0.0,0.0,0.0,1.0,0.0,0.0,1.0,0.0,5.02
0.0,-1.0,-0.19811518324607286,-0.9807407407407409,-0.5696185825524614,-0.7937713634637297,-1.0577051814165221,4.0,-0.8711021698519898,0.0,-1.0577051814165221,-0.7428331701859885,0.0,0.8,-0.04620372872196704,0.0,1.0,0.0,0.0,0.0,0.0,0.0,0.0,1.0,0.0,0.0,0.0,0.0,1.0,0.0,0.0,1.0,4.73
0.0,-0.3333333333333333,-0.08502617801047126,-1.6088888888888888,-0.10769433812854719,-0.2078744144828462,-0.931316106573839,1.0,-0.43655697657709414,0.0,-0.9313161065738392,-0.17452104600755167,-7.0666666666666655,0.2,-0.04620372872196704,0.0,1.0,0.0,0.0,0.0,0.0,0.0,0.0,1.0,0.0,0.0,0.0,0.0,1.0,1.0,0.0,0.0,4.98
1.0,0.3333333333333333,-0.244188481675392,-1.5318518518518518,-1.2147287844793455,-0.5309532852259781,-0.840273128932923,2.0,-0.9280068975427501,0.0,-0.8402731289329233,-0.9397287092714314,0.8666666666666666,0.4,3.0778168062685762,0.0,1.0,0.0,0.0,0.0,0.0,0.0,0.0,1.0,0.0,0.0,0.0,0.0,1.0,1.0,0.0,0.0,4.64
1.0,1.0,-0.6680628272251304,-1.5792592592592594,-0.4423914478025607,-0.743638435244968,-1.1139376087829702,2.0,-0.8262681419744212,0.0133,-1.1139376087829704,-0.6477415746049512,-0.5333333333333332,0.4,2.6714401513104566,0.0,1.0,0.0,0.0,0.0,0.0,0.0,0.0,1.0,0.0,0.0,1.0,0.0,0.0,1.0,0.0,0.0,4.15
-2.0,-1.0,0.9595811518324617,0.7851851851851848,0.5020456645110195,-0.029117609824028508,1.013254786450662,0.0,0.5480672510418159,0.0,1.0132547864506627,0.24723814851069714,0.0,0.0,-0.04620372872196704,0.0,1.0,0.0,0.0,0.0,0.0,0.0,0.0,0.0,1.0,0.0,0.0,0.0,1.0,0.0,1.0,0.0,8.78
-2.0,-0.3333333333333333,0.8339267015706817,0.7911111111111105,0.748053319255641,0.8525129763261171,0.35828089436336846,0.0,0.736600086219284,0.0,0.3582808943633685,0.8647741574604948,0.06666666666666665,0.0,-0.04620372872196704,0.0,1.0,0.0,0.0,0.0,0.0,0.0,0.0,0.0,1.0,0.0,0.0,0.0,1.0,0.0,1.0,0.0,8.61
-1.0,0.3333333333333333,1.1572774869109959,0.7437037037037031,0.3178038801636528,0.7735156348904929,0.4134422278752175,0.0,0.5704842649806002,0.0,0.4134422278752174,0.5929240665641167,-0.5333333333333332,0.0,0.18940826803566604,0.0,1.0,0.0,0.0,0.0,0.0,0.0,0.0,0.0,1.0,0.0,0.0,0.0,1.0,0.0,1.0,0.0,8.66
-1.0,1.0,0.8414659685863876,0.7318518518518515,0.19163257225814934,1.026712242055957,0.5799973222653634,0.0,0.679695358528524,0.0,0.5799973222653635,0.6662005313942096,-0.1333333333333333,0.0,0.22345312077816806,0.0,1.0,0.0,0.0,0.0,0.0,0.0,0.0,0.0,1.0,0.0,0.0,0.0,1.0,0.0,1.0,0.0,8.47
0.0,-1.0,0.814659685863875,0.6666666666666666,-0.04223307377590133,0.9786048866945187,1.1342883920203504,0.0,0.775111366575657,0.0,1.1342883920203513,0.5157320654453914,0.0,0.0,-0.04620372872196704,1.0,0.0,0.0,0.0,0.0,0.0,0.0,0.0,0.0,0.0,1.0,0.0,0.0,1.0,0.0,1.0,0.0,8.2
0.0,-0.3333333333333333,0.8950785340314138,0.4474074074074068,1.0980599181734187,1.3032029370806435,0.8975766501539693,0.0,1.2269004167265405,0.0,0.8975766501539699,1.2988393231715838,-2.4666666666666663,0.0,-0.04620372872196704,1.0,0.0,0.0,0.0,0.0,0.0,0.0,0.0,0.0,0.0,1.0,0.0,0.0,1.0,0.0,1.0,0.0,8.57
1.0,0.3333333333333333,1.2309947643979064,0.5540740740740744,1.355681668206413,0.685403215596911,0.6780024099611727,0.0,1.0084782296306938,0.0,0.6780024099611728,1.0941127115088793,1.1999999999999997,0.0,0.9535260740340449,1.0,0.0,0.0,0.0,0.0,0.0,0.0,0.0,0.0,0.0,1.0,0.0,0.0,1.0,0.0,1.0,0.0,8.57
1.0,1.0,1.0324607329842934,0.595555555555555,0.9776956579121017,1.3032029370806435,0.9784442361761948,0.0,1.2125305359965506,0.0,0.9784442361761952,1.2350720178995938,0.4666666666666666,0.0,0.7897865441772495,1.0,0.0,0.0,0.0,0.0,0.0,0.0,0.0,0.0,0.0,1.0,0.0,0.0,1.0,0.0,1.0,0.0,8.81
-2.0,-1.0,-1.6640837696335073,-0.7140740740740741,-1.596410188729048,-1.8521331814153696,-1.7549872807604772,3.0,-1.8936628825980737,0.1719,-1.7549872807604776,-1.8716263459656,0.0,0.6,-0.04620372872196704,0.0,1.0,0.0,1.0,0.0,0.0,0.0,0.0,0.0,0.0,0.0,0.0,1.0,0.0,0.0,0.0,1.0,4.86
-2.0,-0.3333333333333333,-2.882931937172774,-1.5318518518518518,-2.205622277946416,-1.4009368274465126,-1.8197884589637174,1.0,-1.967236671935622,0.3659,-1.8197884589637177,-1.9449028107956938,-9.199999999999998,0.2,-0.04620372872196704,0.0,1.0,0.0,1.0,0.0,0.0,0.0,0.0,0.0,0.0,0.0,0.0,1.0,0.0,1.0,0.0,0.0,4.63
-1.0,0.3333333333333333,-2.7455497382198946,-1.5970370370370373,-1.9506400950244156,-1.3472591467274344,-1.6227071897174996,1.0,-1.7838769938209507,0.344,-1.6227071897175,-1.7804502866731935,-0.7333333333333333,0.2,4.44069170494461,0.0,1.0,0.0,1.0,0.0,0.0,0.0,0.0,0.0,0.0,0.0,0.0,1.0,0.0,1.0,0.0,0.0,4.49
-1.0,1.0,-3.1317277486910986,-1.6503703703703705,-2.13593770621618,-1.9883529560703892,-1.3651091176864378,1.0,-2.001724385687598,0.4055,-1.365109117686438,-2.232415046846596,-0.5999999999999999,0.2,3.9862199405566066,0.0,1.0,0.0,1.0,0.0,0.0,0.0,0.0,0.0,0.0,0.0,0.0,1.0,0.0,1.0,0.0,0.0,4.08
-1.0,-1.0,0.9202094240837696,0.6370370370370366,1.1851656328362137,1.3032029370806435,0.8836524300441819,0.0,1.2539157924989215,0.0,0.8836524300441826,1.344707033981261,0.0,0.0,-0.04620372872196704,1.0,0.0,0.0,0.0,0.0,1.0,0.0,0.0,0.0,0.0,0.0,0.0,0.0,1.0,0.0,1.0,0.0,9.15
-1.0,-0.3333333333333333,1.4931937172774872,1.0103703703703704,1.1043948792398035,0.4494239777186987,0.9902262685767838,0.0,0.9395028021267419,0.0,0.9902262685767842,0.8306530555167108,4.199999999999999,0.0,-0.04620372872196704,1.0,0.0,0.0,0.0,0.0,1.0,0.0,0.0,0.0,0.0,0.0,0.0,0.0,1.0,0.0,1.0,0.0,9.37
0.0,0.3333333333333333,1.0760209424083769,1.0755555555555552,0.8351590339184366,0.9502468666919865,1.3779622439416248,0.0,1.1699956890357808,0.0,1.377962243941626,0.9643406516571107,0.7333333333333333,0.0,2.11159146176709,1.0,0.0,0.0,0.0,0.0,1.0,0.0,0.0,0.0,0.0,0.0,0.0,0.0,1.0,0.0,1.0,0.0,9.46
0.0,1.0,1.034973821989529,1.1170370370370368,1.0457964893757412,0.9943030763387776,0.9061454009907611,0.0,1.0941227187814335,0.0,0.9061454009907624,1.100825059432247,0.4666666666666666,0.0,1.9575790326938667,1.0,0.0,0.0,0.0,0.0,1.0,0.0,0.0,0.0,0.0,0.0,0.0,0.0,1.0,0.0,1.0,0.0,9.63
0.0,-1.0,-0.441884816753926,0.3762962962962962,0.5226342879767711,0.5927332573743512,0.4145133217298163,0.0,0.5768070125017958,0.0,0.4145133217298163,0.601873863795273,0.0,0.0,-0.04620372872196704,1.0,0.0,0.0,0.0,0.0,0.0,0.0,0.0,0.0,0.0,1.0,0.0,0.0,1.0,0.0,1.0,0.0,8.11
0.0,-0.3333333333333333,-0.17549738219895278,0.3940740740740736,0.13672957634947805,-0.13748575769084714,0.23403400722988302,0.0,0.09570340566173251,0.0,0.2340340072298834,-0.006152985596420845,0.19999999999999996,0.0,-0.04620372872196704,1.0,0.0,0.0,0.0,0.0,0.0,0.0,0.0,0.0,0.0,1.0,0.0,0.0,1.0,0.0,1.0,0.0,7.66
1.0,0.3333333333333333,0.10931937172774926,0.25777777777777755,0.004223307377589233,0.20534244841119095,0.22278752175659375,0.0,0.17330076160367863,0.0,0.22278752175659386,0.11299119004334958,-1.5333333333333332,0.0,0.6292893812483112,1.0,0.0,0.0,0.0,0.0,0.0,0.0,0.0,0.0,0.0,1.0,0.0,0.0,1.0,0.0,1.0,0.0,7.76
1.0,1.0,-0.06910994764397811,0.23407407407407382,0.008446614755179965,0.41549563235852643,-0.21314767706520305,0.0,0.09857738180773115,0.0,-0.21314767706520324,0.23157600335617323,-0.2666666666666666,0.0,0.6952175087814104,1.0,0.0,0.0,0.0,0.0,0.0,0.0,0.0,0.0,0.0,1.0,0.0,0.0,1.0,0.0,1.0,0.0,7.73
-1.0,-1.0,0.16544502617801118,0.32888888888888873,0.1953279662135403,-0.43727054057475667,0.4900254384790463,0.0,0.09512861043253343,0.0,0.4900254384790465,-0.1409593063907152,0.0,0.0,-0.04620372872196704,0.0,1.0,0.0,0.0,0.0,0.0,0.0,0.0,0.0,1.0,0.0,0.0,0.0,1.0,0.0,1.0,0.0,7.75
-1.0,-0.3333333333333333,-0.2709947643979057,0.18074074074074056,0.32730632176323005,0.2696543866312194,0.45307270049538056,0.0,0.39747090099152116,0.0,0.4530727004953812,0.3199552510138434,-1.6666666666666665,0.0,-0.04620372872196704,0.0,1.0,0.0,0.0,0.0,0.0,0.0,0.0,0.0,1.0,0.0,0.0,0.0,1.0,0.0,1.0,0.0,7.8
0.0,0.3333333333333333,-0.10429319371727667,0.1985185185185185,0.1288108750164971,0.4256234966451451,0.4279019949123039,0.0,0.3750538870527376,0.0,0.42790199491230424,0.3009369318976365,0.19999999999999996,0.0,0.691434747365577,0.0,1.0,0.0,0.0,0.0,0.0,0.0,0.0,0.0,1.0,0.0,0.0,0.0,1.0,0.0,1.0,0.0,7.7
0.0,1.0,0.05235602094240838,0.18074074074074056,0.03009106506532891,0.4357513609317638,0.3614941759271649,0.0,0.3192987498203759,0.0,0.3614941759271658,0.25395049643406475,-0.19999999999999996,0.0,0.60659281275331,0.0,1.0,0.0,0.0,0.0,0.0,0.0,0.0,0.0,1.0,0.0,0.0,0.0,1.0,0.0,1.0,0.0,8.2
-1.0,-1.0,1.233507853403142,1.087407407407407,1.3599049755840031,1.1821749588555515,1.1696344892221175,0.0,1.3734732001724377,0.0,1.1696344892221182,1.3704377010208357,0.0,0.0,-0.04620372872196704,0.0,1.0,0.0,0.0,0.0,1.0,0.0,0.0,0.0,0.0,0.0,0.0,0.0,1.0,0.0,1.0,0.0,9.67
-1.0,-0.3333333333333333,0.20565445026178114,1.3185185185185182,1.2764946548765992,0.8185846309659456,0.6287320926496182,0.0,1.0125017962350904,0.0,0.6287320926496184,1.1259963641448747,2.5999999999999996,0.0,-0.04620372872196704,0.0,1.0,0.0,0.0,0.0,1.0,0.0,0.0,0.0,0.0,0.0,0.0,0.0,1.0,0.0,1.0,0.0,9.54
0.0,0.3333333333333333,1.509947643979058,1.2829629629629624,1.0051471558664369,1.2940878592226863,1.3945641986879096,0.0,1.367725247880442,0.0,1.3945641986879105,1.2445811774576976,-0.3999999999999999,0.0,1.0886246960281005,0.0,1.0,0.0,0.0,0.0,1.0,0.0,0.0,0.0,0.0,0.0,0.0,0.0,1.0,0.0,1.0,0.0,9.95
0.0,1.0,1.509947643979058,1.3481481481481483,1.2701596938102138,1.0145588049120142,0.6897844423617617,0.0,1.1061934185946254,0.0,0.6897844423617618,1.2305971192840155,0.7333333333333333,0.0,1.026479329910835,0.0,1.0,0.0,0.0,0.0,1.0,0.0,0.0,0.0,0.0,0.0,0.0,0.0,1.0,0.0,1.0,0.0,9.48
-1.0,-1.0,-0.5566492146596855,0.03259259259259242,-0.5437508248647225,-0.6570451955943792,-0.3390012049805871,1.0,-0.5526656128754126,0.0,-0.33900120498058667,-0.6538945602013712,0.0,0.2,-0.04620372872196704,0.0,1.0,0.0,0.0,0.0,0.0,1.0,0.0,0.0,0.0,0.0,0.0,0.0,1.0,1.0,0.0,0.0,7.1
-1.0,-0.3333333333333333,-0.7350785340314129,-0.20444444444444482,-0.42127491091461,-0.4889226484365111,-0.24474494577587402,0.0,-0.411265986492312,0.024,-0.2447449457758741,-0.495595021675291,-2.6666666666666665,0.0,-0.04620372872196704,0.0,1.0,0.0,0.0,0.0,0.0,1.0,0.0,0.0,0.0,0.0,1.0,0.0,0.0,0.0,1.0,0.0,6.98
0.0,0.3333333333333333,-0.3974869109947636,-0.24000000000000016,-0.5712023228190578,-0.6940119002405368,-0.1365644664613743,0.0,-0.504382813622647,0.0,-0.13656446646137416,-0.6885750244721024,-0.3999999999999999,0.0,1.3053228857065657,0.0,1.0,0.0,0.0,0.0,0.0,1.0,0.0,0.0,0.0,0.0,0.0,0.0,1.0,0.0,1.0,0.0,6.86
0.0,1.0,0.45193717277486994,-0.2755555555555555,-0.5015177510888219,-0.67932649702494,-0.8300977373142325,0.0,-0.7216554102600945,0.0,-0.8300977373142326,-0.643266675989373,-0.3999999999999999,0.0,1.2248041069981086,0.0,1.0,0.0,0.0,0.0,0.0,1.0,0.0,0.0,0.0,0.0,0.0,0.0,1.0,0.0,1.0,0.0,6.27
-2.0,-1.0,0.4938219895287967,-0.3051851851851855,0.5205226342879757,0.9431573616913536,0.7379836658187167,0.0,0.8239689610576225,0.0,0.7379836658187172,0.7942945042651373,0.0,0.0,-0.04620372872196704,1.0,0.0,0.0,0.0,0.0,0.0,0.0,0.0,1.0,0.0,0.0,0.0,0.0,1.0,0.0,1.0,0.0,7.63
-2.0,-0.3333333333333333,0.35057591623036666,0.1096296296296294,-0.20958162861290808,0.2331940751993926,0.44129066809479156,0.0,0.18422187095847087,0.0,0.44129066809479156,0.015102782827575547,4.666666666666666,0.0,-0.04620372872196704,1.0,0.0,0.0,0.0,0.0,0.0,0.0,0.0,1.0,0.0,0.0,0.0,0.0,1.0,0.0,1.0,0.0,7.49
-1.0,0.3333333333333333,0.5993717277486912,0.06814814814814775,0.4941269631780378,0.3810608937840237,0.32400589101620014,1.0,0.4538008334530819,0.0,0.3240058910162004,0.46986435463571485,-0.4666666666666666,0.2,2.0370170224263715,1.0,0.0,0.0,0.0,0.0,0.0,0.0,0.0,1.0,0.0,0.0,0.0,0.0,1.0,1.0,0.0,0.0,7.58
-1.0,1.0,0.7845026178010479,0.07407407407407407,0.12247591395011176,0.8763134573996707,0.47181684295086296,0.0,0.5589883603966082,0.0,0.4718168429508635,0.5459376311005449,0.06666666666666665,0.0,1.7360172926236153,1.0,0.0,0.0,0.0,0.0,0.0,0.0,0.0,1.0,0.0,0.0,0.0,0.0,1.0,0.0,1.0,0.0,7.89
-2.0,-1.0,-0.0665968586387424,-0.2637037037037039,0.23175399234525454,0.4398025066464112,0.23885392957557874,1.0,0.35033769219715455,0.0,0.23885392957557902,0.36302615018878454,0.0,0.2,-0.04620372872196704,0.0,1.0,0.0,0.0,0.0,0.0,0.0,0.0,0.0,0.0,1.0,0.0,0.0,1.0,1.0,0.0,0.0,7.02
-2.0,-0.3333333333333333,-0.14115183246073199,-0.25185185185185227,-0.19110465883595104,0.19572097733890345,0.15316642120765753,0.0,0.07386118695214806,0.0,0.15316642120765817,0.004474898615577351,0.1333333333333333,0.0,-0.04620372872196704,0.0,1.0,0.0,0.0,0.0,0.0,0.0,0.0,0.0,0.0,1.0,0.0,0.0,1.0,0.0,1.0,0.0,7.18
-1.0,0.3333333333333333,-0.2642931937172776,-0.20444444444444482,-0.41177246931503275,0.00835548803646063,0.18690587762752683,1.0,-0.0652392585141546,0.0,0.18690587762752683,-0.2159138582016509,0.5333333333333332,0.2,0.23966495541745475,0.0,1.0,0.0,0.0,0.0,0.0,0.0,0.0,0.0,0.0,1.0,0.0,0.0,1.0,1.0,0.0,0.0,6.97
-1.0,1.0,-0.5239790575916227,-0.22814814814814854,0.5981259073511933,-0.0751993923281428,0.42147543178470964,0.0,0.35378646357235227,0.0,0.42147543178471025,0.27296881555027247,-0.2666666666666666,0.0,0.19319102945149957,0.0,1.0,0.0,0.0,0.0,0.0,0.0,0.0,0.0,0.0,1.0,0.0,0.0,1.0,0.0,1.0,0.0,7.53
0.0,-1.0,0.2760209424083771,0.16296296296296264,0.4239144780256029,-0.09342954804405618,0.07551211674922997,0.0,0.16008047133208766,0.0,0.0755121167492302,0.17004614739197274,0.0,0.0,-0.04620372872196704,1.0,0.0,0.0,0.0,0.0,0.0,0.0,0.0,0.0,0.0,1.0,0.0,0.0,1.0,0.0,1.0,0.0,7.75
0.0,-0.3333333333333333,0.45277486910994774,0.18074074074074056,0.23861686683383893,0.22255981769844269,-0.46967465524166613,0.0,0.01695645926138822,0.0,-0.46967465524166574,0.24667878618374958,0.19999999999999996,0.0,-0.04620372872196704,1.0,0.0,0.0,0.0,0.0,0.0,0.0,0.0,0.0,0.0,1.0,0.0,0.0,1.0,0.0,1.0,0.0,7.84
1.0,0.3333333333333333,-0.06240837696334998,0.2044444444444443,0.30830143856407477,0.32282567413596663,-0.29347971616012875,0.0,0.1434114096852998,0.0,-0.293479716160129,0.33897357013005114,0.2666666666666666,0.0,0.1434747365576871,1.0,0.0,0.0,0.0,0.0,0.0,0.0,0.0,0.0,0.0,1.0,0.0,0.0,1.0,0.0,1.0,0.0,7.62
1.0,1.0,0.12188481675392775,0.17481481481481478,-0.08763362808499459,-0.11368527661729359,0.20725666086490777,0.0,0.013507687886190506,0.0,0.20725666086490815,-0.11187246538945683,-0.3333333333333333,0.0,0.11267225074304243,1.0,0.0,0.0,0.0,0.0,0.0,0.0,0.0,0.0,0.0,1.0,0.0,0.0,1.0,0.0,1.0,0.0,7.89
0.0,-1.0,1.2779057591623044,0.7674074074074073,0.4371123135805719,0.7932649702493991,0.5923149015932515,0.0,0.6848685155913198,0.0,0.592314901593252,0.6667598937211573,0.0,0.0,-0.04620372872196704,0.0,1.0,0.0,1.0,0.0,0.0,0.0,0.0,0.0,0.0,0.0,0.0,0.0,1.0,0.0,1.0,0.0,8.67
0.0,-0.3333333333333333,1.3650261780104713,0.7259259259259258,0.6952619770357651,0.5309532852259781,0.6903199892890608,0.0,0.7147578675096995,0.0,0.6903199892890618,0.6589288211438953,-0.4666666666666666,0.0,-0.04620372872196704,0.0,1.0,0.0,1.0,0.0,0.0,0.0,0.0,0.0,0.0,0.0,0.0,0.0,1.0,0.0,1.0,0.0,8.64
1.0,0.3333333333333333,1.0559162303664924,0.7199999999999999,0.6107958294839639,1.1487530067097105,0.8697282099343953,0.0,0.9820376490875118,0.0,0.8697282099343958,0.9553908544259536,-0.06666666666666665,0.0,0.18940826803566604,0.0,1.0,0.0,1.0,0.0,0.0,0.0,0.0,0.0,0.0,0.0,0.0,0.0,1.0,0.0,1.0,0.0,8.77
1.0,1.0,1.4119371727748695,0.7377777777777773,0.5865118120628207,1.0191163438409927,0.8183157049136424,0.0,0.9055898836039654,0.0,0.818315704913643,0.8709271430569149,0.19999999999999996,0.0,0.1461767089975682,0.0,1.0,0.0,1.0,0.0,0.0,0.0,0.0,0.0,0.0,0.0,0.0,0.0,1.0,0.0,1.0,0.0,8.78
-2.0,-1.0,0.016335078534032033,1.2474074074074077,0.6567242972152563,0.0751993923281428,0.48413442227875175,0.0,0.4543756286822818,0.0,0.484134422278752,0.38707873024751716,0.0,0.0,-0.04620372872196704,0.0,1.0,0.0,1.0,0.0,0.0,0.0,0.0,0.0,0.0,0.0,0.0,0.0,1.0,0.0,1.0,0.0,9.42
-2.0,-0.3333333333333333,0.43518324607329906,1.17037037037037,-0.36162069420615045,0.333966324851247,0.7149551479448384,0.0,0.26526799827561387,0.0,0.7149551479448387,-0.010068521885051425,-0.8666666666666666,0.0,-0.04620372872196704,0.0,1.0,0.0,1.0,0.0,0.0,0.0,0.0,0.0,0.0,0.0,0.0,0.0,1.0,0.0,1.0,0.0,9.22
-1.0,0.3333333333333333,0.39581151832460804,1.1111111111111112,0.6176587039725476,0.2990251930624131,0.39202035078323705,0.0,0.49173731858025516,0.0,0.39202035078323716,0.4900013984058169,-0.6666666666666666,0.0,0.5768711159146177,0.0,1.0,0.0,1.0,0.0,0.0,0.0,0.0,0.0,0.0,0.0,0.0,0.0,1.0,0.0,1.0,0.0,9.41
-1.0,1.0,0.36816753926701656,1.1288888888888886,0.5606440543750817,0.6018483352323083,0.7112063194537415,0.0,0.6998131915505097,0.0,0.711206319453742,0.6264858061809532,0.19999999999999996,0.0,0.5066198324777087,0.0,1.0,0.0,1.0,0.0,0.0,0.0,0.0,0.0,0.0,0.0,0.0,0.0,1.0,0.0,1.0,0.0,9.08
0.0,-1.0,-1.256125654450261,-1.3837037037037037,-1.6898508644582286,-1.4216989492340808,-1.6269915651358955,2.0,-1.718925132921396,0.1069,-1.6269915651358957,-1.6831212417843666,0.0,0.4,-0.04620372872196704,0.0,1.0,0.0,0.0,0.0,0.0,1.0,0.0,0.0,0.0,0.0,1.0,0.0,0.0,1.0,0.0,0.0,4.45
0.0,-0.3333333333333333,-1.603769633507853,-1.7748148148148148,-1.4844925432229112,-1.5488036460311436,-1.2333645735707597,3.0,-1.5516597212243133,0.1623,-1.23336457357076,-1.6445252412250044,-4.3999999999999995,0.6,-0.04620372872196704,0.0,1.0,0.0,0.0,0.0,0.0,1.0,0.0,0.0,0.0,0.0,0.0,1.0,0.0,0.0,0.0,1.0,3.8
1.0,0.3333333333333333,-2.194345549738219,-1.9703703703703705,-1.2421802824336807,-1.8516267882010384,-1.7100013388673188,3.0,-1.7488144848397753,0.2563,-1.7100013388673192,-1.6836806041113137,-2.1999999999999997,0.6,2.6779248851661714,0.0,1.0,0.0,0.0,0.0,0.0,1.0,0.0,0.0,0.0,0.0,0.0,1.0,0.0,0.0,0.0,1.0,3.34
1.0,1.0,-1.2611518324607323,-2.124444444444445,-2.3566055166952613,-0.6595771616660338,-1.2521087160262423,3.0,-1.5384394309527225,0.1077,-1.2521087160262423,-1.6154384002237456,-1.7333333333333332,0.6,2.8735476898135643,0.0,1.0,0.0,0.0,0.0,0.0,1.0,0.0,0.0,0.0,0.0,1.0,0.0,0.0,0.0,0.0,1.0,3.51
-2.0,-1.0,0.40586387434554966,1.0162962962962963,0.8668338392503618,0.7765539941764779,0.3357879234167892,0.0,0.7429228337404794,0.0,0.3357879234167894,0.8854705635575436,0.0,0.0,-0.04620372872196704,1.0,0.0,0.0,0.0,0.0,0.0,1.0,0.0,0.0,0.0,0.0,0.0,0.0,1.0,0.0,1.0,0.0,9.02
-2.0,-0.3333333333333333,0.1796858638743464,0.9333333333333329,0.06387752408604952,0.2888973287757944,0.7738653099477836,0.0,0.4239114815347031,0.0,0.7738653099477844,0.19074255348902155,-0.9333333333333332,0.0,-0.04620372872196704,1.0,0.0,0.0,0.0,0.0,0.0,1.0,0.0,0.0,0.0,0.0,0.0,0.0,1.0,0.0,1.0,0.0,8.88
-1.0,0.3333333333333333,0.6462827225130893,0.8918518518518512,0.7211297347235048,0.6271679959488548,0.3711340206185563,0.0,0.6463572352349475,0.0,0.37113402061855644,0.7260523003775691,-0.4666666666666666,0.0,0.5314779789246149,1.0,0.0,0.0,0.0,0.0,0.0,1.0,0.0,0.0,0.0,0.0,0.0,0.0,1.0,0.0,1.0,0.0,8.85
-1.0,1.0,0.712460732984294,0.8740740740740739,0.7206018213013058,0.8221293834662617,0.732628196545722,0.0,0.8492599511424055,0.0,0.7326281965457222,0.833449867151447,-0.19999999999999996,0.0,0.5314779789246149,1.0,0.0,0.0,0.0,0.0,0.0,1.0,0.0,0.0,0.0,0.0,0.0,0.0,1.0,0.0,1.0,0.0,8.97
-2.0,-1.0,0.1821989528795821,-0.33481481481481506,-0.05490299590867128,-0.31371059627801035,-0.06212344356674312,0.0,-0.14628538583129763,0.0,-0.062123443566742854,-0.2052859739896527,0.0,0.0,-0.04620372872196704,0.0,1.0,0.0,0.0,0.0,0.0,0.0,0.0,0.0,1.0,0.0,0.0,0.0,1.0,0.0,1.0,0.0,6.84
-2.0,-0.3333333333333333,-0.4460732984293184,-0.3585185185185188,-0.10558268443975258,-0.29953158627674425,-0.10121836925960717,1.0,-0.17330076160367863,0.0,-0.10121836925960656,-0.22430429310585964,-0.2666666666666666,0.2,-0.04620372872196704,0.0,1.0,0.0,0.0,0.0,0.0,0.0,0.0,0.0,1.0,0.0,0.0,0.0,1.0,1.0,0.0,0.0,6.32
-1.0,0.3333333333333333,-0.19057591623036577,-0.5125925925925927,-0.0733799656856283,-0.3202937080643122,0.15798634355335325,0.0,-0.07673516309814671,0.0,0.15798634355335378,-0.2181513075094396,-1.7333333333333332,0.0,0.8340988921912996,0.0,1.0,0.0,0.0,0.0,0.0,0.0,0.0,0.0,1.0,0.0,0.0,0.0,1.0,0.0,1.0,0.0,7.06
-1.0,1.0,-0.8439790575916221,-0.4177777777777778,-0.3288900620298271,-0.31826813520698816,-0.27045119828625047,0.0,-0.3221727259663746,0.0413,-0.2704511982862499,-0.35239826597678714,1.0666666666666664,0.0,0.6763037017022427,0.0,1.0,0.0,0.0,0.0,0.0,0.0,0.0,0.0,1.0,0.0,1.0,0.0,0.0,0.0,1.0,0.0,6.94
-1.0,-1.0,0.2785340314136128,0.36444444444444457,-0.4899036558004493,-0.03063678946702135,-0.036417191056366684,0.0,-0.18824543756286846,0.0,-0.03641719105636648,-0.2791218011466933,0.0,0.0,-0.04620372872196704,0.0,1.0,0.0,0.0,0.0,0.0,0.0,1.0,0.0,0.0,0.0,0.0,0.0,1.0,0.0,1.0,0.0,7.88
-1.0,-0.3333333333333333,0.9403141361256552,0.25777777777777755,-0.05490299590867128,-0.32788960627927566,-0.17887267371803472,0.0,-0.19341859462566421,0.0,-0.17887267371803453,-0.2125576842399671,-1.1999999999999997,0.0,-0.04620372872196704,0.0,1.0,0.0,0.0,0.0,0.0,0.0,1.0,0.0,0.0,0.0,0.0,0.0,1.0,0.0,1.0,0.0,7.2
0.0,0.3333333333333333,-0.20900523560209344,0.05629629629629615,-0.3061897848752809,-0.3299151791365997,-0.13120899718837878,0.0,-0.2687167696508116,0.0,-0.1312089971883791,-0.34680464270731465,-2.2666666666666666,0.0,1.3809781140232371,0.0,1.0,0.0,0.0,0.0,0.0,0.0,1.0,0.0,0.0,0.0,0.0,0.0,1.0,0.0,1.0,0.0,7.14
0.0,1.0,0.4075392670157076,-0.020740740740740823,-0.1742114293255911,-0.17141410305101942,-0.2597402597402602,0.0,-0.20663888489725518,0.0,-0.25974025974025977,-0.1896238288351288,-0.8666666666666666,0.0,1.5738989462307487,0.0,1.0,0.0,0.0,0.0,0.0,0.0,1.0,0.0,0.0,0.0,0.0,0.0,1.0,0.0,1.0,0.0,7.28
0.0,-1.0,-1.6020942408376957,-0.8325925925925928,-1.7764286656988248,-1.6419799974680342,-1.576650153969742,0.0,-1.8154907314269284,0.162,-1.5766501539697426,-1.8503705775416035,0.0,0.0,-0.04620372872196704,1.0,0.0,0.0,0.0,0.0,0.0,1.0,0.0,0.0,0.0,0.0,0.0,1.0,0.0,0.0,1.0,0.0,5.06
0.0,-0.3333333333333333,-2.195183246073298,-1.4133333333333338,-1.6660947604592844,-1.1887580706418537,-1.4245548266166828,1.0,-1.5499353355367145,0.2564,-1.424554826616683,-1.5416025730667047,-6.533333333333332,0.2,-0.04620372872196704,1.0,0.0,0.0,0.0,0.0,0.0,1.0,0.0,0.0,0.0,0.0,0.0,1.0,0.0,1.0,0.0,0.0,4.7
1.0,0.3333333333333333,-1.6774869109947637,-1.5200000000000002,-1.5715982578857064,-1.348778326370427,-1.522559914312492,1.0,-1.6108636298318715,0.174,-1.5225599143124926,-1.5801985736260673,-1.1999999999999997,0.2,3.3274790597135913,1.0,0.0,0.0,0.0,0.0,0.0,1.0,0.0,0.0,0.0,0.0,0.0,1.0,0.0,1.0,0.0,0.0,4.56
1.0,1.0,-2.200209424083769,-1.5851851851851857,-2.313844529497162,-1.5209520192429427,-1.1139376087829702,1.0,-1.7993964650093395,0.2572,-1.1139376087829704,-2.0685218850510427,-0.7333333333333333,0.2,3.0924074574439344,1.0,0.0,0.0,0.0,0.0,0.0,1.0,0.0,0.0,0.0,0.0,0.0,1.0,0.0,1.0,0.0,0.0,4.54
0.0,-1.0,-1.7763350785340306,-0.6370370370370372,-1.1086181866173945,-0.9553107988352959,-1.048065336725131,2.0,-1.1245868659290121,0.1897,-1.048065336725131,-1.1176059292406664,0.0,0.4,-0.04620372872196704,0.0,1.0,0.0,1.0,0.0,0.0,0.0,0.0,0.0,0.0,0.0,0.0,1.0,0.0,1.0,0.0,0.0,5.79
0.0,-0.3333333333333333,-1.31979057591623,-0.9807407407407409,-0.8721129734723506,-0.7400936827446515,-1.231757932788861,0.0,-1.0228481103606837,0.1171,-1.231757932788861,-0.8737239546916523,-3.866666666666666,0.0,-0.04620372872196704,0.0,1.0,0.0,1.0,0.0,0.0,0.0,0.0,0.0,0.0,0.0,1.0,0.0,0.0,0.0,1.0,0.0,5.91
1.0,0.3333333333333333,-1.517486910994764,-0.9451851851851856,-0.7744489903655801,-1.2738321306494496,-1.3426161467398585,2.0,-1.229199597643339,0.1485,-1.3426161467398587,-1.1164872045867718,0.3999999999999999,0.4,1.6776546879221832,0.0,1.0,0.0,1.0,0.0,0.0,0.0,0.0,0.0,0.0,0.0,0.0,1.0,0.0,1.0,0.0,0.0,5.26
1.0,1.0,-1.4278534031413601,-1.0637037037037036,-1.292332057542563,-1.2312951006456516,-0.6255188110858217,2.0,-1.1441299037217987,0.1343,-0.6255188110858217,-1.3670815270591534,-1.3333333333333333,0.4,1.6544177249392056,0.0,1.0,0.0,1.0,0.0,0.0,0.0,0.0,0.0,0.0,0.0,0.0,1.0,0.0,1.0,0.0,0.0,4.85
-1.0,-1.0,0.21319371727748707,0.74962962962963,1.1165368879503752,1.1315356374224588,0.9318516535011376,0.0,1.1809167983905728,0.0,0.9318516535011381,1.2138162494755973,0.0,0.0,-0.04620372872196704,1.0,0.0,0.0,0.0,0.0,0.0,0.0,1.0,0.0,0.0,0.0,0.0,0.0,1.0,0.0,1.0,0.0,9.14
-1.0,-0.3333333333333333,0.22324607329842985,1.0044444444444447,1.0954203510624245,0.8170654513229527,0.5141250502075242,0.0,0.9050150883747663,0.0,0.5141250502075245,1.0292266815829951,2.8666666666666663,0.0,-0.04620372872196704,1.0,0.0,0.0,0.0,0.0,0.0,0.0,1.0,0.0,0.0,0.0,0.0,0.0,1.0,0.0,1.0,0.0,9.01
0.0,0.3333333333333333,1.202513089005236,0.9629629629629629,1.3599049755840031,1.112799088492214,1.1300040166019545,0.0,1.3332375341284657,0.0,1.1300040166019552,1.332401062788421,-0.4666666666666666,0.0,1.2004863550391787,1.0,0.0,0.0,0.0,0.0,0.0,0.0,1.0,0.0,0.0,0.0,0.0,0.0,1.0,0.0,1.0,0.0,9.32
0.0,1.0,0.5767539267015711,1.0162962962962963,0.7934538735647343,1.3032029370806435,1.3918864640514124,0.0,1.2935766633136936,0.0,1.3918864640514133,1.1377429730107673,0.5999999999999999,0.0,1.089705485004053,1.0,0.0,0.0,0.0,0.0,0.0,0.0,1.0,0.0,0.0,0.0,0.0,0.0,1.0,0.0,1.0,0.0,9.51
0.0,-1.0,0.19643979057591612,-0.15703703703703736,-0.0063349610663853495,0.22711735662742122,0.47128129602356394,0.0,0.26641758873401367,0.0,0.4712812960235641,0.11970353796671719,0.0,0.0,-0.04620372872196704,0.0,1.0,0.0,0.0,0.0,0.0,0.0,1.0,0.0,0.0,0.0,0.0,0.0,1.0,0.0,1.0,0.0,7.14
0.0,-0.3333333333333333,-0.28774869109947543,-0.1807407407407411,1.0505477101755303,0.5076591973667557,0.5607176328825813,0.0,0.788331656847248,0.0,0.5607176328825817,0.8345685918053413,-0.2666666666666666,0.0,-0.04620372872196704,0.0,1.0,0.0,0.0,0.0,0.0,0.0,1.0,0.0,0.0,0.0,0.0,0.0,1.0,0.0,1.0,0.0,7.52
1.0,0.3333333333333333,-0.3606282722513083,-0.06814814814814828,0.4286656988253919,0.42764906950246845,0.8424153166421202,0.0,0.6331369449633566,0.0,0.8424153166421211,0.46091455740455856,1.2666666666666664,0.0,0.495271548230208,0.0,1.0,0.0,0.0,0.0,0.0,0.0,1.0,0.0,0.0,0.0,0.0,0.0,1.0,0.0,1.0,0.0,7.93
1.0,1.0,-0.4519371727748688,0.05037037037037035,0.6493335093044735,0.6980630459551842,0.8043914848038557,2.0,0.802126742348038,0.0,0.8043914848038562,0.7271710250314635,1.3333333333333333,0.4,0.9086733315320183,0.0,1.0,0.0,0.0,0.0,0.0,0.0,1.0,0.0,0.0,0.0,0.0,0.0,1.0,1.0,0.0,0.0,7.85
-2.0,-1.0,0.14869109947644027,-1.140740740740741,-1.2469315032334698,-0.6524876566654008,-0.2543847904672655,1.0,-0.7762609570340564,0.0,-0.25438479046726475,-1.0236330583135234,0.0,0.2,-0.04620372872196704,1.0,0.0,0.0,1.0,0.0,0.0,0.0,0.0,0.0,0.0,0.0,0.0,0.0,1.0,1.0,0.0,0.0,5.51
-2.0,-0.3333333333333333,-0.41842931937172695,-1.146666666666667,-0.7887026527649468,-0.7041397645271555,-0.4284375418396045,2.0,-0.6917660583417157,0.0,-0.42843754183960425,-0.8093972870927152,-0.06666666666666665,0.4,-0.04620372872196704,1.0,0.0,0.0,1.0,0.0,0.0,0.0,0.0,0.0,0.0,0.0,0.0,0.0,1.0,1.0,0.0,0.0,4.85
-1.0,0.3333333333333333,0.35560209424083805,-1.3422222222222226,-1.0648013725748977,-0.6712242055956453,-0.9109653233364576,3.0,-0.952148297169133,0.0,-0.9109653233364579,-0.9374912599636422,-2.1999999999999997,0.6,0.9994596055120238,1.0,0.0,0.0,1.0,0.0,0.0,0.0,0.0,0.0,0.0,0.0,0.0,0.0,1.0,0.0,0.0,1.0,4.77
-1.0,1.0,-0.49717277486910894,-1.4251851851851853,-0.4054375082486474,0.08431447018609985,-1.1610657383853265,0.0,-0.5164535134358382,0.0,-1.1610657383853265,-0.17116487204586867,-0.9333333333333332,0.0,1.2545258038368008,1.0,0.0,0.0,1.0,0.0,0.0,0.0,0.0,0.0,0.0,0.0,0.0,0.0,1.0,0.0,1.0,0.0,5.61
-2.0,-1.0,0.39078534031413664,0.0029629629629629,0.6477497690378773,0.27725028484618286,0.1317445441156778,1.0,0.4014944675959187,0.0,0.13174454411567796,0.4933575723675007,0.0,0.2,-0.04620372872196704,1.0,0.0,0.0,0.0,1.0,0.0,0.0,0.0,0.0,0.0,0.0,0.0,0.0,1.0,1.0,0.0,0.0,7.44
-2.0,-0.3333333333333333,-0.25089005235602013,-0.0029629629629629,0.348950772073379,0.41752120521585045,0.09425625920471233,0.0,0.33251904009196687,0.0,0.09425625920471258,0.41280939728709254,-0.06666666666666665,0.0,-0.04620372872196704,1.0,0.0,0.0,0.0,1.0,0.0,0.0,0.0,0.0,0.0,0.0,0.0,0.0,1.0,0.0,1.0,0.0,7.54
-1.0,0.3333333333333333,0.19308900523560266,0.026666666666666623,-0.0015837402665970877,0.11014052411697671,0.7776141384388805,0.0,0.33366863055036583,0.0,0.777614138438881,0.05705495734862156,0.3333333333333333,0.0,0.09700081059173198,1.0,0.0,0.0,0.0,1.0,0.0,0.0,0.0,0.0,0.0,0.0,0.0,0.0,1.0,0.0,1.0,0.0,7.67
-1.0,1.0,-0.07999999999999986,0.06222222222222195,-0.08816154150719362,0.3370046841372327,0.16709064131744492,0.0,0.16985199022848094,0.0,0.16709064131744555,0.13648440777513543,0.3999999999999999,0.0,0.22345312077816806,1.0,0.0,0.0,0.0,1.0,0.0,0.0,0.0,0.0,0.0,0.0,0.0,0.0,1.0,0.0,1.0,0.0,7.48
0.0,-1.0,0.6613612565445035,0.06814814814814775,0.7496370595222374,0.10355741233067488,-0.201365644664614,0.0,0.2537720936916218,0.0,-0.20136564466461424,0.4519647601734015,0.0,0.0,-0.04620372872196704,0.0,1.0,0.0,0.0,0.0,0.0,0.0,1.0,0.0,0.0,0.0,0.0,0.0,1.0,0.0,1.0,0.0,7.84
0.0,-0.3333333333333333,0.05319371727748734,0.23407407407407382,0.570674409396858,-0.2929484744904417,0.5371535680814025,0.0,0.30262968817358804,0.0,0.537153568081403,0.13760313242903058,1.8666666666666665,0.0,-0.04620372872196704,0.0,1.0,0.0,0.0,0.0,0.0,0.0,1.0,0.0,0.0,0.0,0.0,0.0,1.0,0.0,1.0,0.0,7.65
1.0,0.3333333333333333,0.592670157068063,0.18074074074074056,0.344727464695789,0.035194328395999154,0.1895836122640242,0.0,0.22043397039804524,0.0,0.18958361226402465,0.19913298839323107,-0.5999999999999999,0.0,0.7260199945960552,0.0,1.0,0.0,0.0,0.0,0.0,0.0,1.0,0.0,0.0,0.0,0.0,0.0,1.0,0.0,1.0,0.0,7.9
1.0,1.0,0.44774869109947635,0.2103703703703701,0.5458624785535163,0.9451829345486776,-0.1204980586423893,0.0,0.5267998275614305,0.0,-0.120498058642389,0.8088379247657668,0.3333333333333333,0.0,0.6233450418805728,0.0,1.0,0.0,0.0,0.0,0.0,0.0,1.0,0.0,0.0,0.0,0.0,0.0,1.0,0.0,1.0,0.0,8.28
0.0,-1.0,0.5775916230366501,-0.014814814814815025,0.10980599181734106,-0.02709203696670448,0.38559378765564273,0.0,0.1819226900416721,0.0,0.3855937876556432,0.04083344986715088,0.0,0.0,-0.04620372872196704,1.0,0.0,0.0,0.0,0.0,0.0,1.0,0.0,0.0,0.0,0.0,0.0,0.0,1.0,0.0,1.0,0.0,7.74
0.0,-0.3333333333333333,0.4335078534031423,0.17481481481481478,0.8515243500065982,-0.08431447018609985,0.43325746418529865,2.0,0.4463284954734874,0.0,0.43325746418529926,0.4016221507481467,2.133333333333333,0.4,-0.04620372872196704,1.0,0.0,0.0,0.0,0.0,0.0,1.0,0.0,0.0,0.0,0.0,0.0,0.0,1.0,1.0,0.0,0.0,7.16
1.0,0.3333333333333333,0.5306806282722519,0.0029629629629629,0.6329681932163119,0.20838080769717665,-0.260811353594859,0.0,0.22963069406523942,0.0,-0.2608113535948593,0.44748986155782333,-1.933333333333333,0.0,0.9086733315320183,1.0,0.0,0.0,0.0,0.0,0.0,1.0,0.0,0.0,0.0,0.0,0.0,0.0,1.0,0.0,1.0,0.0,7.59
1.0,1.0,0.48795811518324633,0.03259259259259242,0.45875676389072156,0.6914799341688823,0.14941759271656135,0.0,0.4957608851846527,0.0,0.14941759271656146,0.6225702698923226,0.3333333333333333,0.0,0.7400702512834368,1.0,0.0,0.0,0.0,0.0,0.0,1.0,0.0,0.0,0.0,0.0,0.0,0.0,1.0,0.0,1.0,0.0,7.91
0.0,-1.0,-0.0221989528795812,-0.36444444444444457,-0.0353701992873177,-0.5907076845170276,-0.04070156647476263,0.0,-0.23652823681563404,0.0,-0.04070156647476264,-0.347923367361209,0.0,0.0,-0.04620372872196704,0.0,1.0,0.0,0.0,0.0,0.0,1.0,0.0,0.0,0.0,0.0,0.0,0.0,1.0,0.0,1.0,0.0,7.0
0.0,-0.3333333333333333,-0.299476439790575,-0.2637037037037039,-0.48462452157846125,0.10254462590201323,-0.48145668764225513,1.0,-0.29515735019399353,0.0,-0.48145668764225474,-0.20248916235491568,1.1333333333333333,0.2,-0.04620372872196704,0.0,1.0,0.0,0.0,0.0,0.0,1.0,0.0,0.0,0.0,0.0,0.0,0.0,1.0,1.0,0.0,0.0,6.59
1.0,0.3333333333333333,0.37151832460733003,-0.3881481481481483,-0.0417051603537023,-0.3557412330674773,-0.37916722452804996,0.0,-0.27101595056761035,0.0,-0.3791672245280499,-0.2215074814711234,-1.3999999999999997,0.0,0.5563361253715212,0.0,1.0,0.0,0.0,0.0,0.0,1.0,0.0,0.0,0.0,0.0,0.0,0.0,1.0,0.0,1.0,0.0,7.12
1.0,1.0,0.735916230366493,-0.3229629629629629,0.000527913422198279,-0.27218635270287383,-0.4353996518944978,0.0,-0.24400057479522935,0.0,-0.43539965189449764,-0.1527059152566085,0.7333333333333333,0.0,0.4509592002161578,0.0,1.0,0.0,0.0,0.0,0.0,1.0,0.0,0.0,0.0,0.0,0.0,0.0,1.0,0.0,1.0,0.0,6.74
0.0,-1.0,0.3061780104712043,-0.24000000000000016,-0.22066781047908168,-0.6550196227370556,-0.6019547462846437,0.0,-0.5290990084782293,0.0,-0.6019547462846437,-0.481610963501609,0.0,0.0,-0.04620372872196704,0.0,1.0,0.0,0.0,0.0,1.0,0.0,0.0,0.0,0.0,0.0,0.0,0.0,1.0,0.0,1.0,0.0,6.58
0.0,-0.3333333333333333,0.23078534031413694,-0.5125925925925927,-0.2650125379437776,-0.35320926699582206,-0.0037488284910969284,0.0,-0.21698519902284832,0.0,-0.003748828491096716,-0.3378548454761576,-3.0666666666666664,0.0,-0.04620372872196704,0.0,1.0,0.0,0.0,0.0,1.0,0.0,0.0,0.0,0.0,0.0,0.0,0.0,1.0,0.0,1.0,0.0,6.77
1.0,0.3333333333333333,0.2265968586387445,-0.4592592592592595,-0.8831991553385247,-0.6342575009494874,-0.2661668228678545,0.0,-0.641184078172151,0.0,-0.2661668228678543,-0.821143895958608,0.5999999999999999,0.0,1.2712780329640638,0.0,1.0,0.0,0.0,0.0,1.0,0.0,0.0,0.0,0.0,0.0,0.0,0.0,1.0,0.0,1.0,0.0,6.71
1.0,1.0,-0.1771727748691095,-0.44740740740740736,-0.5854559852184245,-1.0024053677680722,-0.5478645066273938,0.0,-0.7733869808880581,0.0,-0.5478645066273937,-0.8664522444413375,0.1333333333333333,0.0,1.0475547149419075,0.0,1.0,0.0,0.0,0.0,1.0,0.0,0.0,0.0,0.0,0.0,0.0,0.0,1.0,0.0,1.0,0.0,6.62
-1.0,-1.0,0.2064921465968589,-0.2933333333333334,0.6197703576613429,0.6145081655905815,0.39202035078323705,0.0,0.6118695214829711,0.0,0.39202035078323716,0.6650818067403154,0.0,0.0,-0.04620372872196704,1.0,0.0,0.0,0.0,0.0,0.0,0.0,0.0,0.0,1.0,0.0,0.0,0.0,1.0,0.0,1.0,0.0,7.11
-1.0,-0.3333333333333333,0.2634554973821998,-0.1985185185185185,0.3104130922528701,0.18002278769464455,0.7187039764359345,0.0,0.45207644776548306,0.0,0.7187039764359354,0.2612222066843791,1.0666666666666664,0.0,-0.04620372872196704,1.0,0.0,0.0,0.0,0.0,0.0,0.0,0.0,0.0,1.0,0.0,0.0,0.0,1.0,0.0,1.0,0.0,7.48
0.0,0.3333333333333333,0.174659685863875,-0.091851851851852,0.6334961066385102,0.6266616027345235,0.16709064131744492,0.0,0.5411697082914205,0.0,0.16709064131744555,0.6790658649139973,1.1999999999999997,0.0,0.8730072953255877,1.0,0.0,0.0,0.0,0.0,0.0,0.0,0.0,0.0,1.0,0.0,0.0,0.0,1.0,0.0,1.0,0.0,7.92
0.0,1.0,-0.16963350785340242,0.03259259259259242,0.29721525669790116,0.43929611343207997,0.05730352122104663,2.0,0.3089524356947836,0.0,0.057303521221046656,0.39714725213256863,1.3999999999999997,0.4,1.232910024317752,1.0,0.0,0.0,0.0,0.0,0.0,0.0,0.0,0.0,1.0,0.0,0.0,0.0,1.0,1.0,0.0,0.0,7.24
0.0,-1.0,0.6580104712041888,0.5540740740740744,0.5722581496634543,0.9426509684770223,0.874548132280091,0.0,0.8917947981031754,0.0,0.8745481322800914,0.8211438959586069,0.0,0.0,-0.04620372872196704,0.0,1.0,0.0,0.0,0.0,0.0,1.0,0.0,0.0,0.0,0.0,0.0,0.0,1.0,0.0,1.0,0.0,8.61
0.0,-0.3333333333333333,0.7744502617801051,0.6903703703703699,0.8172099775636786,0.5719711355867834,1.1262551881108576,0.0,0.9303060784595485,0.0,1.1262551881108582,0.7461893441476711,1.5333333333333332,0.0,-0.04620372872196704,0.0,1.0,0.0,0.0,0.0,0.0,1.0,0.0,0.0,0.0,0.0,0.0,0.0,1.0,0.0,1.0,0.0,9.0
1.0,0.3333333333333333,0.45780104712041914,0.8029629629629632,0.6107958294839639,0.4124572730725407,0.7138840540902396,0.0,0.6475068256933465,0.0,0.7138840540902398,0.5487344427352812,1.2666666666666664,0.0,1.0902458794920291,0.0,1.0,0.0,0.0,0.0,0.0,1.0,0.0,0.0,0.0,0.0,0.0,0.0,1.0,0.0,1.0,0.0,8.68
1.0,1.0,0.6379057591623044,0.779259259259259,0.628216972416523,0.5765286745157618,0.9430981389744268,0.0,0.7981031757436412,0.0,0.9430981389744276,0.6488602992588447,-0.2666666666666666,0.0,0.9816265874088085,0.0,1.0,0.0,0.0,0.0,0.0,1.0,0.0,0.0,0.0,0.0,0.0,0.0,1.0,0.0,1.0,0.0,8.8
-2.0,-1.0,-0.33214659685863784,-1.0637037037037036,-0.12300382737231154,-0.18306114698063025,-0.2383183826482797,1.0,-0.18479666618767077,0.0,-0.23831838264827956,-0.16892742273807917,0.0,0.2,-0.04620372872196704,0.0,1.0,0.0,0.0,0.0,0.0,0.0,0.0,0.0,0.0,1.0,0.0,0.0,1.0,1.0,0.0,0.0,5.7
-2.0,-0.3333333333333333,0.10429319371727787,-1.0340740740740741,0.12828296159429808,-0.3030763387770604,-0.3545320658722723,3.0,-0.18077309958327314,0.0,-0.35453206587227243,-0.10236330583135297,0.3333333333333333,0.6,-0.04620372872196704,0.0,1.0,0.0,0.0,0.0,0.0,0.0,0.0,0.0,0.0,1.0,0.0,0.0,1.0,0.0,0.0,1.0,5.18
-1.0,0.3333333333333333,0.10178010471204217,-1.1881481481481482,-0.005279134221988041,-0.1992657298392203,-0.04177266032936142,1.0,-0.07788475355654567,0.0,-0.041772660329361534,-0.11522863935114064,-1.7333333333333332,0.2,0.6995406646852202,0.0,1.0,0.0,0.0,0.0,0.0,0.0,0.0,0.0,0.0,1.0,0.0,0.0,1.0,1.0,0.0,0.0,5.85
-1.0,1.0,0.29445026178010475,-1.1051851851851853,-0.45400554309093333,-0.1339410051905303,-0.38987816307403944,2.0,-0.3405661733007613,0.0,-0.38987816307404,-0.31715843937910876,0.9333333333333332,0.4,0.5644420426911646,0.0,1.0,0.0,0.0,0.0,0.0,0.0,0.0,0.0,0.0,1.0,0.0,0.0,1.0,1.0,0.0,0.0,5.61
-1.0,-1.0,1.2175916230366501,-0.25777777777777805,0.03800976639830985,-0.7770603873908091,-0.2233230686838935,0.0,-0.34573933036355786,0.0,-0.2233230686838939,-0.411690672633199,0.0,0.0,-0.04620372872196704,0.0,1.0,0.0,0.0,0.0,0.0,0.0,0.0,0.0,1.0,0.0,0.0,0.0,1.0,0.0,1.0,0.0,6.83
-1.0,-0.3333333333333333,0.775287958115184,-0.36444444444444457,-0.28876864194272195,-0.4387897202177495,-0.6180211541036287,0.0,-0.47736743785026603,0.0,-0.6180211541036289,-0.39826597678646375,-1.1999999999999997,0.0,-0.04620372872196704,0.0,1.0,0.0,0.0,0.0,0.0,0.0,0.0,0.0,1.0,0.0,0.0,0.0,1.0,0.0,1.0,0.0,6.57
0.0,0.3333333333333333,0.43518324607329906,-0.44148148148148153,-0.627689058994325,-0.3714394227117354,-0.5998125585754457,0.0,-0.5687598792930014,0.0,-0.5998125585754454,-0.5403440078310733,-0.8666666666666666,0.0,0.7951904890570116,0.0,1.0,0.0,0.0,0.0,0.0,0.0,0.0,0.0,1.0,0.0,0.0,0.0,1.0,0.0,1.0,0.0,6.71
0.0,1.0,1.2963350785340322,-0.44148148148148153,-0.5305529893097535,-0.26104570198759347,-0.2742000267773466,0.0,-0.3750538870527376,0.0,-0.2742000267773466,-0.42791218011466964,0.0,0.0,0.7465549851391516,0.0,1.0,0.0,0.0,0.0,0.0,0.0,0.0,0.0,1.0,0.0,0.0,0.0,1.0,0.0,1.0,0.0,6.82
-1.0,-1.0,0.5256544502617806,-0.03851851851851875,0.7369671373894674,0.6266616027345235,0.19654572231891754,2.0,0.5894525075441869,0.0,0.19654572231891804,0.7338833729548311,0.0,0.4,-0.04620372872196704,1.0,0.0,0.0,0.0,0.0,1.0,0.0,0.0,0.0,0.0,0.0,0.0,0.0,1.0,1.0,0.0,0.0,7.44
-1.0,-0.3333333333333333,0.7853403141361257,-0.0029629629629629,0.2560380097663979,0.48790986200784947,0.7112063194537415,0.0,0.546342865354217,0.0,0.711206319453742,0.40274087540204107,0.3999999999999999,0.0,-0.04620372872196704,1.0,0.0,0.0,0.0,0.0,1.0,0.0,0.0,0.0,0.0,0.0,0.0,0.0,1.0,0.0,1.0,0.0,7.77
0.0,0.3333333333333333,0.8339267015706817,0.0977777777777778,1.2421802824336796,0.23370046841372305,0.15852189048065304,0.0,0.6101451357953723,0.0,0.1585218904806532,0.7842259823800858,1.1333333333333333,0.0,0.5984868954336666,1.0,0.0,0.0,0.0,0.0,1.0,0.0,0.0,0.0,0.0,0.0,0.0,0.0,1.0,0.0,1.0,0.0,7.98
0.0,1.0,0.7032460732984301,0.16888888888888898,0.4165236901148202,0.9097354095455125,0.1697683759539423,0.0,0.5704842649806002,0.0,0.16976837595394279,0.7204586771080966,0.7999999999999998,0.0,0.8173466630640368,1.0,0.0,0.0,0.0,0.0,1.0,0.0,0.0,0.0,0.0,0.0,0.0,0.0,1.0,0.0,1.0,0.0,8.1
-2.0,-1.0,-0.6890052356020938,0.07999999999999988,0.3362808499406091,0.40435498164324607,-0.38666488151024303,0.0,0.15088374766489432,0.0167,-0.38666488151024275,0.3988253391134105,0.0,0.0,-0.04620372872196704,0.0,1.0,0.0,0.0,0.0,0.0,0.0,0.0,1.0,0.0,0.0,1.0,0.0,0.0,0.0,1.0,0.0,7.46
-2.0,-0.3333333333333333,-0.24335078534031424,0.0088888888888887,-0.3452553781179888,-0.22863653627041405,-0.1745882982996388,0.0,-0.2600948412128181,0.0,-0.17458829829963898,-0.312124178436583,-0.7999999999999998,0.0,-0.04620372872196704,0.0,1.0,0.0,0.0,0.0,0.0,0.0,0.0,1.0,0.0,0.0,0.0,0.0,1.0,0.0,1.0,0.0,6.87
-1.0,0.3333333333333333,-0.5826178010471202,-0.16296296296296317,-0.45558928335752963,-0.37852892771236846,0.2051144731557102,0.0,-0.22100876562724514,0.0,0.20511447315571035,-0.45308348482729743,-1.933333333333333,0.0,1.0929478519319102,0.0,1.0,0.0,0.0,0.0,0.0,0.0,0.0,1.0,0.0,0.0,0.0,0.0,1.0,0.0,1.0,0.0,6.88
-1.0,1.0,-0.3505759162303655,-0.2222222222222222,-0.3399762438960015,-0.32738321306494517,0.02999062792877162,0.0,-0.2221583560856441,0.0,0.02999062792877194,-0.3635855125157329,-0.6666666666666666,0.0,1.2485814644690625,0.0,1.0,0.0,0.0,0.0,0.0,0.0,0.0,1.0,0.0,0.0,0.0,0.0,1.0,0.0,1.0,0.0,7.13
-2.0,-1.0,0.6303664921465973,0.25185185185185177,-0.10663851128414989,-0.8038992277503484,-0.16548400053554713,0.0,-0.3876993820951287,0.0,-0.1654840005355472,-0.5028667319256054,0.0,0.0,-0.04620372872196704,1.0,0.0,0.0,0.0,0.0,1.0,0.0,0.0,0.0,0.0,0.0,0.0,0.0,1.0,0.0,1.0,0.0,7.25
-2.0,-0.3333333333333333,0.5256544502617806,-0.11555555555555573,0.7945097004091324,-0.034181541967337505,-0.18797697148212641,0.0,0.22273315131484397,0.0,-0.1879769714821263,0.39938470144035726,-4.133333333333333,0.0,-0.04620372872196704,1.0,0.0,0.0,0.0,0.0,1.0,0.0,0.0,0.0,0.0,0.0,0.0,0.0,1.0,0.0,1.0,0.0,7.62
-1.0,0.3333333333333333,0.5750785340314144,-0.0029629629629629,-0.03431437244291964,0.022534498037725954,0.4466461373677863,0.0,0.1704267854576808,0.0,0.44664613736778663,-0.00839043490420952,1.2666666666666664,0.0,1.670089165090516,1.0,0.0,0.0,0.0,0.0,1.0,0.0,0.0,0.0,0.0,0.0,0.0,0.0,1.0,0.0,1.0,0.0,7.33
-1.0,1.0,0.5189528795811524,-0.026666666666666623,-0.4777616470898776,-0.009368274465122286,-0.3497121435265766,0.0,-0.28768501221439824,0.0,-0.3497121435265768,-0.26122220668438073,-0.2666666666666666,0.0,1.3923263982707377,1.0,0.0,0.0,0.0,0.0,1.0,0.0,0.0,0.0,0.0,0.0,0.0,0.0,1.0,0.0,1.0,0.0,7.11
0.0,-1.0,-0.283560209424083,-0.06814814814814828,-0.7301042629008846,-0.385112039498671,-0.39362699156513636,1.0,-0.5371461416870237,0.0,-0.39362699156513614,-0.6018738637952742,0.0,0.2,-0.04620372872196704,0.0,1.0,0.0,1.0,0.0,0.0,0.0,0.0,0.0,0.0,0.0,0.0,0.0,1.0,1.0,0.0,0.0,7.22
0.0,-0.3333333333333333,0.06743455497382256,-0.13333333333333364,-0.7776164708987728,-0.5005696923661227,-0.03748828491096547,0.0,-0.4704698950998706,0.0,-0.037488284910965376,-0.691371836106839,-0.7333333333333333,0.0,-0.04620372872196704,0.0,1.0,0.0,1.0,0.0,0.0,0.0,0.0,0.0,0.0,0.0,0.0,0.0,1.0,0.0,1.0,0.0,7.41
1.0,0.3333333333333333,-0.6404188481675389,-0.0800000000000004,-0.9470766794245745,0.23015571591340692,-0.20672111393760953,0.0,-0.3164247736743781,0.0089,-0.2067211139376093,-0.37701020836246735,0.5999999999999999,0.0,0.2704674412320994,0.0,1.0,0.0,1.0,0.0,0.0,0.0,0.0,0.0,0.0,0.0,1.0,0.0,0.0,0.0,1.0,0.0,6.96
1.0,1.0,0.038952879581152115,-0.14518518518518525,-1.1962518147023888,-0.3471325484238514,-0.2233230686838935,0.0,-0.6308377640465582,0.0,-0.2233230686838939,-0.8278562438819753,-0.7333333333333333,0.0,0.3023507160226966,0.0,1.0,0.0,1.0,0.0,0.0,0.0,0.0,0.0,0.0,0.0,0.0,0.0,1.0,0.0,1.0,0.0,7.05
0.0,-1.0,0.36565445026178084,-0.15703703703703736,-0.8304078131186488,-0.44841119129003704,-0.3711340206185571,0.0,-0.5894525075441872,0.0,-0.371134020618557,-0.6902531114529443,0.0,0.0,-0.04620372872196704,0.0,1.0,0.0,0.0,0.0,0.0,0.0,0.0,0.0,1.0,0.0,0.0,0.0,1.0,0.0,1.0,0.0,7.39
0.0,-0.3333333333333333,-0.031413612565445025,-0.03259259259259295,0.08868945492939115,-0.05798202304089106,-0.2827687776141385,0.0,-0.07673516309814671,0.0,-0.28276877761413893,0.012305971192839306,1.3999999999999997,0.0,-0.04620372872196704,0.0,1.0,0.0,0.0,0.0,0.0,0.0,0.0,0.0,1.0,0.0,0.0,0.0,1.0,0.0,1.0,0.0,7.67
1.0,0.3333333333333333,0.4536125654450267,0.05037037037037035,-0.2555100963441996,-0.3805545005696925,-0.03052617485607216,0.0,-0.23307946544043712,0.0,-0.03052617485607198,-0.347923367361209,0.9333333333333332,0.0,0.9059713590921372,0.0,1.0,0.0,0.0,0.0,0.0,0.0,0.0,0.0,1.0,0.0,0.0,0.0,1.0,0.0,1.0,0.0,7.55
1.0,1.0,0.10764397905759253,0.05629629629629615,-0.8003167480533194,-0.42967464235979247,-0.5719641183558714,0.0,-0.6434832590889493,0.0,-0.5719641183558712,-0.6639630820864222,0.06666666666666665,0.0,0.8611186165901108,0.0,1.0,0.0,0.0,0.0,0.0,0.0,0.0,0.0,1.0,0.0,0.0,0.0,1.0,0.0,1.0,0.0,7.02
-2.0,-1.0,-1.7445026178010468,-0.9274074074074077,-0.5089085389996045,-0.8707431320420309,-1.0689516668898116,1.0,-0.8820232792067821,0.1847,-1.0689516668898116,-0.7534610543979872,0.0,0.2,-0.04620372872196704,0.0,1.0,0.0,0.0,0.0,1.0,0.0,0.0,0.0,0.0,0.0,0.0,1.0,0.0,1.0,0.0,0.0,5.48
-2.0,-0.3333333333333333,-1.0215706806282716,-1.1644444444444444,-0.8478289560512077,-1.300670971008989,-0.5103762217164279,2.0,-0.9682425635867217,0.0696,-0.5103762217164284,-1.1701859879737107,-2.6666666666666665,0.4,-0.04620372872196704,0.0,1.0,0.0,0.0,0.0,1.0,0.0,0.0,0.0,0.0,0.0,1.0,0.0,0.0,1.0,0.0,0.0,5.35
-1.0,0.3333333333333333,-0.585130890052356,-1.2000000000000002,-0.9676653028903262,-0.6448917584504369,-0.7519078859285049,1.0,-0.8498347463716049,0.0001,-0.7519078859285052,-0.8714865053838632,-0.3999999999999999,0.2,1.3053228857065657,0.0,1.0,0.0,0.0,0.0,1.0,0.0,0.0,0.0,0.0,0.0,1.0,0.0,0.0,1.0,0.0,0.0,5.49
-1.0,1.0,-0.42345549738219834,-1.1881481481481482,-0.7902863930315427,-0.5117103430814031,-0.6281965457223195,2.0,-0.6906164678833163,0.0,-0.6281965457223195,-0.7036778072996791,0.1333333333333333,0.4,1.1323966495541746,0.0,1.0,0.0,0.0,0.0,1.0,0.0,0.0,0.0,0.0,0.0,0.0,0.0,1.0,1.0,0.0,0.0,5.53
-2.0,-1.0,-0.49549738219895223,-0.3170370370370371,0.4049095948264476,0.17293328269401226,-0.13870665417057187,0.0,0.17732432820807542,0.0,-0.13870665417057193,0.3076492798210033,0.0,0.0,-0.04620372872196704,0.0,1.0,0.0,0.0,0.0,0.0,0.0,0.0,0.0,1.0,0.0,0.0,0.0,1.0,0.0,1.0,0.0,7.11
-2.0,-0.3333333333333333,-0.12356020942408329,-0.1985185185185185,0.10188729048436013,0.01595138625142412,0.06319453742134115,0.0,0.08018393447334361,0.0,0.06319453742134115,0.06041113131030537,1.3333333333333333,0.0,-0.04620372872196704,0.0,1.0,0.0,0.0,0.0,0.0,0.0,0.0,0.0,1.0,0.0,0.0,0.0,1.0,0.0,1.0,0.0,7.62
-1.0,0.3333333333333333,0.12020942408376982,-0.04444444444444455,0.010558268443974582,0.23724522091403993,-0.2966929977239259,2.0,0.002011783302198395,0.0,-0.2966929977239257,0.13368759614039918,1.7333333333333332,0.4,1.2004863550391787,0.0,1.0,0.0,0.0,0.0,0.0,0.0,0.0,0.0,1.0,0.0,0.0,0.0,1.0,1.0,0.0,0.0,6.94
-1.0,1.0,0.3514136125654456,-0.13333333333333364,-0.12353174079450982,-0.3111786302063551,-0.1944035346097207,0.0,-0.21755999425204742,0.0,-0.19440353460972026,-0.23996643826038355,-0.9999999999999998,0.0,1.0,0.0,1.0,0.0,0.0,0.0,0.0,0.0,0.0,0.0,1.0,0.0,0.0,0.0,1.0,0.0,1.0,0.0,6.92
-1.0,-1.0,-0.5080628272251307,0.05037037037037035,-0.45242180282433697,0.018483352323078617,-0.4016601954746292,0.0,-0.2865354217559993,0.0,-0.401660195474629,-0.2321353656831216,0.0,0.0,-0.04620372872196704,0.0,1.0,0.0,0.0,1.0,0.0,0.0,0.0,0.0,0.0,0.0,0.0,0.0,1.0,0.0,1.0,0.0,7.36
-1.0,-0.3333333333333333,-0.5985340314136123,-0.05037037037037035,0.09132902204038479,-0.5456386884415749,0.0005355469272990175,0.0,-0.1589308808736887,0.0023,0.0005355469272994459,-0.25562858341490746,-1.1333333333333333,0.0,-0.04620372872196704,0.0,1.0,0.0,0.0,1.0,0.0,0.0,0.0,0.0,0.0,0.0,1.0,0.0,0.0,0.0,1.0,0.0,7.4
0.0,0.3333333333333333,-0.40083769633507826,-0.03851851851851875,-0.0010558268443980584,-0.10001265983035801,-0.29187307537823015,0.0,-0.12846673372610998,0.0,-0.2918730753782301,-0.05817368200251749,0.1333333333333333,0.0,0.4558227506079438,0.0,1.0,0.0,0.0,1.0,0.0,0.0,0.0,0.0,0.0,0.0,0.0,0.0,1.0,0.0,1.0,0.0,7.08
0.0,1.0,-0.8523560209424081,-0.0977777777777778,-0.0834103207074046,-0.6631219141663502,-0.12210469942428712,0.0,-0.31067682138238245,0.0427,-0.12210469942428734,-0.41336875961404085,-0.6666666666666666,0.0,0.5179681167252095,0.0,1.0,0.0,0.0,1.0,0.0,0.0,0.0,0.0,0.0,0.0,1.0,0.0,0.0,0.0,1.0,0.0,7.07
0.0,-1.0,0.33465968586387473,1.0933333333333326,1.1497954335488967,1.1639448031396382,1.2114071495514789,0.0,1.3056473631268857,0.0,1.2114071495514798,1.2496154384002234,0.0,0.0,-0.04620372872196704,0.0,1.0,0.0,0.0,0.0,0.0,0.0,1.0,0.0,0.0,0.0,0.0,0.0,1.0,0.0,1.0,0.0,9.51
0.0,-0.3333333333333333,1.1941361256544512,1.2237037037037035,1.3599049755840031,0.7887074313204206,1.3945641986879096,0.0,1.3050725678976858,0.0,1.3945641986879105,1.1534051181652911,1.4666666666666666,0.0,-0.04620372872196704,0.0,1.0,0.0,0.0,0.0,0.0,0.0,1.0,0.0,0.0,0.0,0.0,0.0,1.0,0.0,1.0,0.0,9.85
1.0,0.3333333333333333,0.8833507853403143,1.324444444444444,1.3599049755840031,1.3032029370806435,1.3945641986879096,0.0,1.4999281505963493,0.0,1.3945641986879105,1.4375611802545094,1.1333333333333333,0.0,1.0102674952715482,0.0,1.0,0.0,0.0,0.0,0.0,0.0,1.0,0.0,0.0,0.0,0.0,0.0,1.0,0.0,1.0,0.0,9.86
1.0,1.0,1.1430366492146606,1.3599999999999999,1.3097532004751207,1.2186352702873784,1.1530325344758328,0.0,1.3631268860468453,0.0,1.1530325344758336,1.3642847154244155,0.3999999999999999,0.0,1.043771953526074,0.0,1.0,0.0,0.0,0.0,0.0,0.0,1.0,0.0,0.0,0.0,0.0,0.0,1.0,0.0,1.0,0.0,10.0
-2.0,-1.0,-0.41842931937172695,0.24592592592592594,-0.08816154150719362,-0.006836308393467788,-0.4487883250769854,0.0,-0.18077309958327314,0.0,-0.44878832507698496,-0.05313942105999257,0.0,0.0,-0.04620372872196704,0.0,1.0,0.0,0.0,0.0,0.0,0.0,0.0,1.0,0.0,0.0,0.0,0.0,1.0,0.0,1.0,0.0,7.55
-2.0,-0.3333333333333333,0.9855497382198953,0.06222222222222195,-0.4323610927807844,-0.5836181795163945,0.10657383853260115,0.0,-0.3250467021123724,0.0,0.10657383853260102,-0.5537687036778077,-2.0666666666666664,0.0,-0.04620372872196704,0.0,1.0,0.0,0.0,0.0,0.0,0.0,0.0,1.0,0.0,0.0,0.0,0.0,1.0,0.0,1.0,0.0,7.68
-1.0,0.3333333333333333,0.3773821989528804,0.1037037037037036,0.06282169724165222,0.1592606659070767,-0.48895434462444826,0.0,-0.07730995832734579,0.0,-0.4889543446244482,0.11858481331282286,0.4666666666666666,0.0,0.8324777087273709,0.0,1.0,0.0,0.0,0.0,0.0,0.0,0.0,1.0,0.0,0.0,0.0,0.0,1.0,0.0,1.0,0.0,7.35
-1.0,1.0,0.8347643979057594,0.05037037037037035,0.29035238220931675,-0.06355234839853124,-0.5259070826081139,0.0,-0.0922546342865356,0.0,-0.5259070826081141,0.11634736400503339,-0.5999999999999999,0.0,0.7735747095379627,0.0,1.0,0.0,0.0,0.0,0.0,0.0,0.0,1.0,0.0,0.0,0.0,0.0,1.0,0.0,1.0,0.0,7.77
0.0,-1.0,-0.9897382198952878,-0.9451851851851856,-0.672033786459021,-1.2652234460058238,-1.1899852724594997,0.0,-1.1337835895962058,0.0645,-1.1899852724595001,-1.0571947979303602,0.0,0.0,-0.04620372872196704,1.0,0.0,0.0,0.0,0.0,0.0,1.0,0.0,0.0,0.0,0.0,1.0,0.0,0.0,0.0,1.0,0.0,5.65
0.0,-0.3333333333333333,-1.7997905759162298,-1.0637037037037036,-1.1307905503497426,-1.3756171667299661,-1.4524032668362568,0.0,-1.436125880155194,0.1935,-1.4524032668362574,-1.3614879037896805,-1.3333333333333333,0.0,-0.04620372872196704,1.0,0.0,0.0,0.0,0.0,0.0,1.0,0.0,0.0,0.0,0.0,0.0,1.0,0.0,0.0,1.0,0.0,5.46
1.0,0.3333333333333333,-1.5074345549738217,-1.1229629629629632,-1.4691830539791473,-0.8945436131155844,-1.3190520819386804,1.0,-1.3292139675240688,0.1469,-1.3190520819386806,-1.2753461054397994,-0.6666666666666666,0.2,0.7795190489057011,1.0,0.0,0.0,0.0,0.0,0.0,1.0,0.0,0.0,0.0,0.0,0.0,1.0,0.0,1.0,0.0,0.0,5.16
1.0,1.0,-1.5141361256544499,-1.2000000000000002,-1.2474594166556683,-1.0494999367008486,-1.2879903601553093,1.0,-1.296450639459692,0.148,-1.2879903601553093,-1.2429030904768572,-0.8666666666666666,0.2,0.9340718724669009,1.0,0.0,0.0,0.0,0.0,0.0,1.0,0.0,0.0,0.0,0.0,0.0,1.0,0.0,1.0,0.0,0.0,5.01
-2.0,-1.0,0.450261780104712,-0.14518518518518525,0.3167480533192547,0.13444739840486147,0.28812424688713323,0.0,0.28308665038080155,0.0,0.2881242468871334,0.2394070759334352,0.0,0.0,-0.04620372872196704,0.0,1.0,0.0,0.0,0.0,0.0,0.0,0.0,0.0,1.0,0.0,0.0,0.0,1.0,0.0,1.0,0.0,7.38
-2.0,-0.3333333333333333,-0.0297382198952871,-0.03851851851851875,0.2570938366107952,0.0853272566147615,0.4450394965858877,0.0,0.2991809167983903,0.0,0.44503949658588826,0.1806740316039709,1.1999999999999997,0.0,-0.04620372872196704,0.0,1.0,0.0,0.0,0.0,0.0,0.0,0.0,0.0,1.0,0.0,0.0,0.0,1.0,0.0,1.0,0.0,7.64
-1.0,0.3333333333333333,0.21905759162303742,0.03851851851851822,0.30249439091988845,0.33295353842258535,0.3186504217432046,0.0,0.36413277769794455,0.0,0.31865042174320535,0.3412110194378406,0.8666666666666666,0.0,0.7951904890570116,0.0,1.0,0.0,0.0,0.0,0.0,0.0,0.0,0.0,1.0,0.0,0.0,0.0,1.0,0.0,1.0,0.0,7.71
-1.0,1.0,-0.3329842931937168,0.07999999999999988,0.6393031542826966,-0.10507659197366773,0.47074574909626415,1.0,0.3750538870527376,0.0,0.47074574909626465,0.2780030764927974,0.4666666666666666,0.2,0.8562550661983248,0.0,1.0,0.0,0.0,0.0,0.0,0.0,0.0,0.0,1.0,0.0,0.0,0.0,1.0,1.0,0.0,0.0,7.58
-2.0,-1.0,0.30450261780104754,0.2933333333333334,0.7950376138313306,0.48993543486517277,0.19601017539161852,0.0,0.558413565167409,0.0,0.19601017539161858,0.6891343867990488,0.0,0.0,-0.04620372872196704,1.0,0.0,0.0,0.0,1.0,0.0,0.0,0.0,0.0,0.0,0.0,0.0,0.0,1.0,0.0,1.0,0.0,8.07
-2.0,-0.3333333333333333,0.8992670157068062,0.37037037037037035,0.9006202982710825,0.46461577414862637,0.826884455750435,0.0,0.8130478517028302,0.0,0.8268844557504353,0.7310865613200948,0.8666666666666666,0.0,-0.04620372872196704,1.0,0.0,0.0,0.0,1.0,0.0,0.0,0.0,0.0,0.0,0.0,0.0,0.0,1.0,0.0,1.0,0.0,8.3
-1.0,0.3333333333333333,-0.31204188481675343,0.44148148148148103,0.19057674541375128,0.9375870363337134,0.49912973624313794,0.0,0.6170426785457678,0.0,0.4991297362431383,0.6164172842959017,0.7999999999999998,0.0,0.6292893812483112,1.0,0.0,0.0,0.0,1.0,0.0,0.0,0.0,0.0,0.0,0.0,0.0,0.0,1.0,0.0,1.0,0.0,8.25
-1.0,1.0,0.08921465968586488,0.45333333333333364,1.0648013725748966,0.9355614634763894,1.1664212076583205,0.0,1.1722948699525786,0.0,1.1664212076583216,1.0778912040274078,0.1333333333333333,0.0,0.6276681977843827,1.0,0.0,0.0,0.0,1.0,0.0,0.0,0.0,0.0,0.0,0.0,0.0,0.0,1.0,0.0,1.0,0.0,8.67
0.0,-1.0,-0.49884816753926686,-0.25185185185185227,-0.3806255774053058,-0.4418280795037345,-0.3395367519078861,0.0,-0.41241557695071096,0.0,-0.3395367519078861,-0.4486085862117193,0.0,0.0,-0.04620372872196704,0.0,1.0,0.0,0.0,0.0,1.0,0.0,0.0,0.0,0.0,0.0,0.0,0.0,1.0,0.0,1.0,0.0,6.78
0.0,-0.3333333333333333,-0.3304712041884811,-0.3940740740740741,0.06546126435264586,-0.5274085327256616,-0.11782032400589117,0.0,-0.20376490875125736,0.0,-0.11782032400589117,-0.25898475737659127,-1.5999999999999996,0.0,-0.04620372872196704,0.0,1.0,0.0,0.0,0.0,1.0,0.0,0.0,0.0,0.0,0.0,0.0,0.0,1.0,0.0,1.0,0.0,7.13
1.0,0.3333333333333333,-0.33382198952879577,-0.2874074074074076,-0.430777352514188,-0.26661602734523365,0.1392422010978709,0.0,-0.19284379939646515,0.0,0.13924220109787078,-0.3781289330163617,1.1999999999999997,0.0,0.6287489867603351,0.0,1.0,0.0,0.0,0.0,1.0,0.0,0.0,0.0,0.0,0.0,0.0,0.0,1.0,0.0,1.0,0.0,7.06
1.0,1.0,-0.3547643979057591,-0.26962962962962966,-0.05490299590867128,-0.5360172173692874,0.005355469272994742,0.0,-0.20663888489725518,0.0,0.0053554692729950535,-0.32778632359110693,0.19999999999999996,0.0,0.536341529316401,0.0,1.0,0.0,0.0,0.0,1.0,0.0,0.0,0.0,0.0,0.0,0.0,0.0,1.0,0.0,1.0,0.0,7.1
-1.0,-1.0,0.9872251308900533,0.9985185185185188,0.3151643130526584,0.3825800734270158,0.7010309278350509,0.0,0.5245006466446326,0.0,0.7010309278350519,0.37533212138162464,0.0,0.0,-0.04620372872196704,0.0,1.0,0.0,1.0,0.0,0.0,0.0,0.0,0.0,0.0,0.0,0.0,0.0,1.0,0.0,1.0,0.0,8.78
-1.0,-0.3333333333333333,0.5826178010471215,0.7911111111111105,-0.04751220799788862,0.4134700595012031,0.7449457758736108,0.0,0.4198879149303055,0.0,0.7449457758736112,0.20081107537407297,-2.333333333333333,0.0,-0.04620372872196704,0.0,1.0,0.0,1.0,0.0,0.0,0.0,0.0,0.0,0.0,0.0,0.0,0.0,1.0,0.0,1.0,0.0,7.99
0.0,0.3333333333333333,1.2058638743455505,0.5540740740740744,0.4703708591790942,1.031776174199266,0.5194805194805189,0.0,0.761316281074867,0.0,0.5194805194805195,0.8166689973430288,-2.6666666666666665,0.0,1.9818967846527968,0.0,1.0,0.0,1.0,0.0,0.0,0.0,0.0,0.0,0.0,0.0,0.0,0.0,1.0,0.0,1.0,0.0,8.58
0.0,1.0,1.4613612565445033,0.595555555555555,-0.02481193084334237,0.8555513356121028,0.6801445976703703,0.0,0.5722086506681991,0.0,0.6801445976703712,0.45643965878897963,0.4666666666666666,0.0,1.8132937044042152,0.0,1.0,0.0,1.0,0.0,0.0,0.0,0.0,0.0,0.0,0.0,0.0,0.0,1.0,0.0,1.0,0.0,8.54
0.0,-1.0,0.3128795811518324,0.2755555555555555,0.35053451233997535,0.004304342321812572,0.44075512116749177,0.0,0.3009053024859892,0.0,0.4407551211674921,0.18514893021954906,0.0,0.0,-0.04620372872196704,1.0,0.0,0.0,0.0,0.0,0.0,0.0,1.0,0.0,0.0,0.0,0.0,0.0,1.0,0.0,1.0,0.0,8.06
0.0,-0.3333333333333333,1.1673298429319374,0.36444444444444457,0.199023360168932,0.4458792252183818,0.2640246351586554,0.0,0.34976289696795465,0.0,0.26402463515865593,0.34904209201510256,0.9999999999999998,0.0,-0.04620372872196704,1.0,0.0,0.0,0.0,0.0,0.0,0.0,1.0,0.0,0.0,0.0,0.0,0.0,1.0,0.0,1.0,0.0,8.29
1.0,0.3333333333333333,0.3623036649214662,0.4355555555555552,0.5078527121552058,0.20027851626788198,0.2206453340473954,0.0,0.3532116683431524,0.0,0.22064533404739609,0.37701020836246657,0.7999999999999998,0.0,0.6849500135098623,1.0,0.0,0.0,0.0,0.0,0.0,0.0,1.0,0.0,0.0,0.0,0.0,0.0,1.0,0.0,1.0,0.0,8.12
1.0,1.0,0.7426178010471212,0.42370370370370364,0.2523426158110062,0.3415622230662112,0.6603293613602891,0.0,0.47161948555826955,0.0,0.6603293613602893,0.3199552510138434,-0.1333333333333333,0.0,0.6206430694406917,1.0,0.0,0.0,0.0,0.0,0.0,0.0,1.0,0.0,0.0,0.0,0.0,0.0,1.0,0.0,1.0,0.0,8.39
-1.0,-1.0,1.509947643979058,0.7022222222222225,0.8921736835159025,0.7603494113178886,1.060382916053019,0.0,1.005029458255496,0.0,1.0603829160530194,0.8899454621731218,0.0,0.0,-0.04620372872196704,1.0,0.0,0.0,0.0,0.0,0.0,0.0,0.0,0.0,1.0,0.0,0.0,0.0,1.0,0.0,1.0,0.0,8.65
-1.0,-0.3333333333333333,1.509947643979058,0.7140740740740741,0.9581628612907473,0.5628560577288263,0.9570223590842143,0.0,0.9176605834171574,0.0,0.957022359084215,0.8155502726891336,0.1333333333333333,0.0,-0.04620372872196704,1.0,0.0,0.0,0.0,0.0,0.0,0.0,0.0,0.0,1.0,0.0,0.0,0.0,1.0,0.0,1.0,0.0,8.57
0.0,0.3333333333333333,1.1757068062827234,0.6903703703703699,0.48726408868945414,0.490441828079504,0.3700629267639575,0.0,0.5089811754562437,0.0,0.3700629267639575,0.5263599496573896,-0.2666666666666666,0.0,0.06187516887327749,1.0,0.0,0.0,0.0,0.0,0.0,0.0,0.0,0.0,1.0,0.0,0.0,0.0,1.0,0.0,1.0,0.0,8.71
0.0,1.0,1.4203141361256555,0.7081481481481483,0.8087633628084986,0.4944929737941513,0.16548400053554635,0.0,0.5543899985630114,0.0,0.1654840005355466,0.6992029086840994,0.19999999999999996,0.0,0.04620372872196704,1.0,0.0,0.0,0.0,0.0,0.0,0.0,0.0,0.0,1.0,0.0,0.0,0.0,1.0,0.0,1.0,0.0,8.55
-1.0,-1.0,-0.18638743455497334,-1.0755555555555558,0.07549161937442217,-0.5699455627294597,-0.24313830499397543,2.0,-0.26066963644201724,0.0,-0.24313830499397518,-0.2774437141658514,0.0,0.4,-0.04620372872196704,0.0,0.0,1.0,0.0,0.0,0.0,0.0,0.0,1.0,0.0,0.0,0.0,0.0,1.0,1.0,0.0,0.0,5.69
-1.0,-0.3333333333333333,0.0984293193717287,-1.04,0.15098323874884434,-0.020508925180402645,-0.31115276476101233,3.0,-0.04971978732576488,0.0,-0.31115276476101256,0.06600475457977864,0.3999999999999999,0.6,-0.04620372872196704,0.0,0.0,1.0,0.0,0.0,0.0,0.0,0.0,1.0,0.0,0.0,0.0,0.0,1.0,0.0,0.0,1.0,5.23
0.0,0.3333333333333333,-0.0791623036649209,-1.1762962962962964,-0.217500329945889,-0.14457526269148016,-0.691391083143661,2.0,-0.3664319586147433,0.0,-0.6913910831436607,-0.19801426373933753,-1.5333333333333332,0.4,0.5984868954336666,0.0,0.0,1.0,0.0,0.0,0.0,0.0,0.0,1.0,0.0,0.0,0.0,0.0,1.0,1.0,0.0,0.0,5.93
0.0,1.0,0.9821989528795819,-1.0814814814814815,0.08499406097399945,-0.08076971768578298,-0.4455750435131883,1.0,-0.14456100014369877,0.0,-0.44557504351318833,-0.0022374493077894704,1.0666666666666664,0.2,0.48500405295865984,0.0,0.0,1.0,0.0,0.0,0.0,0.0,0.0,1.0,0.0,0.0,0.0,0.0,1.0,1.0,0.0,0.0,5.76
0.0,-1.0,0.28188481675392746,-0.03851851851851875,-0.1583740266596285,-0.608937840232941,-0.1360289195340745,1.0,-0.3221727259663746,0.0,-0.1360289195340747,-0.42287791917214473,0.0,0.2,-0.04620372872196704,0.0,1.0,0.0,0.0,0.0,0.0,0.0,1.0,0.0,0.0,0.0,0.0,0.0,1.0,1.0,0.0,0.0,6.89
0.0,-0.3333333333333333,-0.3924607329842922,-0.32888888888888923,-0.5152435000659892,-0.3597923787821246,0.28009104297764037,1.0,-0.20836327058485404,0.0,0.2800910429776411,-0.4743392532512946,-3.266666666666666,0.2,-0.04620372872196704,0.0,1.0,0.0,0.0,0.0,0.0,0.0,1.0,0.0,0.0,0.0,0.0,0.0,1.0,1.0,0.0,0.0,6.84
1.0,0.3333333333333333,-0.2098429319371724,-0.34074074074074084,-0.09185693546258457,-0.7071781238131413,0.06426563127593994,0.0,-0.26354361258801584,0.0,0.06426563127594064,-0.4418962382883517,-0.1333333333333333,0.0,1.514455552553364,0.0,1.0,0.0,0.0,0.0,0.0,0.0,1.0,0.0,0.0,0.0,0.0,0.0,1.0,0.0,1.0,0.0,6.82
1.0,1.0,0.19643979057591612,-0.35259259259259296,0.17104394879239768,-0.631219141663502,-0.599277011648146,0.0,-0.3767782727403365,0.0,-0.599277011648146,-0.26066284435743314,-0.1333333333333333,0.0,1.3345041880572819,0.0,1.0,0.0,0.0,0.0,0.0,0.0,1.0,0.0,0.0,0.0,0.0,0.0,1.0,0.0,1.0,0.0,6.67
-1.0,-1.0,-0.8096335078534025,-0.5540740740740744,-0.7422462716114558,-0.6347638941638185,-0.9714821261213018,1.0,-0.8429372036212095,0.0359,-0.9714821261213018,-0.7461893441476724,0.0,0.2,-0.04620372872196704,0.0,1.0,0.0,0.0,0.0,0.0,0.0,0.0,1.0,0.0,0.0,1.0,0.0,0.0,1.0,0.0,0.0,6.02
-1.0,-0.3333333333333333,-1.4018848167539266,-0.8444444444444449,-0.9761119176455061,-0.5998227623749842,-1.0978712009639848,0.0,-0.9596206351487279,0.1301,-1.0978712009639853,-0.8513494616137611,-3.266666666666666,0.0,-0.04620372872196704,0.0,1.0,0.0,0.0,0.0,0.0,0.0,0.0,1.0,0.0,0.0,1.0,0.0,0.0,0.0,1.0,0.0,5.9
0.0,0.3333333333333333,-0.307853403141361,-0.8800000000000002,-0.8414939949848227,-0.6524876566654008,-1.0925157316909897,0.0,-0.9285816927719497,0.0,-1.0925157316909904,-0.8088379247657675,-0.3999999999999999,0.0,1.584166441502297,0.0,1.0,0.0,0.0,0.0,0.0,0.0,0.0,1.0,0.0,0.0,0.0,0.0,1.0,0.0,1.0,0.0,5.83
0.0,1.0,-0.14198952879581095,-0.9037037037037039,-0.6482776824600767,-0.848968223825801,-0.7749364038023835,0.0,-0.8193705992240262,0.0,-0.7749364038023838,-0.8149909103621881,-0.2666666666666666,0.0,1.4388003242366927,0.0,1.0,0.0,0.0,0.0,0.0,0.0,0.0,1.0,0.0,0.0,0.0,0.0,1.0,0.0,1.0,0.0,6.08
-1.0,-1.0,0.34554973821989526,0.5777777777777776,0.5870397254850196,0.6894543613115584,0.6083813094122364,0.0,0.7061359390717051,0.0,0.6083813094122371,0.6891343867990488,0.0,0.0,-0.04620372872196704,1.0,0.0,0.0,0.0,0.0,0.0,0.0,0.0,0.0,1.0,0.0,0.0,0.0,1.0,0.0,1.0,0.0,8.84
-1.0,-0.3333333333333333,0.5809424083769635,0.8266666666666664,0.6551405569486599,0.8580833016837573,0.4964520016066406,0.0,0.7544187383244716,0.0,0.49645200160664105,0.8183470843238706,2.7999999999999994,0.0,-0.04620372872196704,1.0,0.0,0.0,0.0,0.0,0.0,0.0,0.0,0.0,1.0,0.0,0.0,0.0,1.0,0.0,1.0,0.0,8.69
0.0,0.3333333333333333,1.036649214659686,0.7851851851851848,0.7454137521446473,0.7866818584630966,0.6763957691792741,0.0,0.8245437562868224,0.0,0.6763957691792745,0.8267375192280794,-0.4666666666666666,0.0,1.169683869224534,1.0,0.0,0.0,0.0,0.0,0.0,0.0,0.0,0.0,1.0,0.0,0.0,0.0,1.0,0.0,1.0,0.0,8.48
0.0,1.0,1.100314136125655,0.7259259259259258,1.3599049755840031,0.8393467527535134,0.878832507698487,0.0,1.140106337117401,0.0,0.878832507698487,1.181373234512655,-0.6666666666666666,0.0,0.9470413401783302,1.0,0.0,0.0,0.0,0.0,0.0,0.0,0.0,0.0,1.0,0.0,0.0,0.0,1.0,0.0,1.0,0.0,9.08
-1.0,-1.0,0.09005235602094265,0.8622222222222222,1.3599049755840031,1.2601595138625148,1.3945641986879096,0.0,1.4838338841787606,0.0,1.3945641986879105,1.4140679625227235,0.0,0.0,-0.04620372872196704,1.0,0.0,0.0,0.0,0.0,0.0,0.0,0.0,1.0,0.0,0.0,0.0,0.0,1.0,0.0,1.0,0.0,9.18
-1.0,-0.3333333333333333,1.129633507853403,1.0281481481481478,1.3599049755840031,1.3032029370806435,1.3447583344490552,0.0,1.4821094984911616,0.0,1.3447583344490566,1.4375611802545094,1.8666666666666665,0.0,-0.04620372872196704,1.0,0.0,0.0,0.0,0.0,0.0,0.0,0.0,1.0,0.0,0.0,0.0,0.0,1.0,0.0,1.0,0.0,9.44
0.0,0.3333333333333333,0.9277486910994767,1.1051851851851853,1.298667018608947,0.6038739080896316,0.9832641585218898,0.0,1.0659577525506534,0.0,0.9832641585218909,1.0191581596979435,0.8666666666666666,0.0,1.0859227235882194,1.0,0.0,0.0,0.0,0.0,0.0,0.0,0.0,1.0,0.0,0.0,0.0,0.0,1.0,0.0,1.0,0.0,9.25
0.0,1.0,0.6345549738219898,1.0933333333333326,1.2379569750560895,1.3032029370806435,0.7599410898379969,0.0,1.2286248024141393,0.0,0.7599410898379969,1.3726751503286252,-0.1333333333333333,0.0,0.9746014590651176,1.0,0.0,0.0,0.0,0.0,0.0,0.0,0.0,1.0,0.0,0.0,0.0,0.0,1.0,0.0,1.0,0.0,9.39
-2.0,-1.0,0.21235602094240927,1.205925925925926,1.351458360828823,1.0353209266995822,1.2371134020618555,0.0,1.3389854864204622,0.0,1.2371134020618562,1.2854146273248492,0.0,0.0,-0.04620372872196704,1.0,0.0,0.0,0.0,1.0,0.0,0.0,0.0,0.0,0.0,0.0,0.0,0.0,1.0,0.0,1.0,0.0,9.4
-2.0,-0.3333333333333333,1.3038743455497392,1.1585185185185185,1.3599049755840031,1.2576275477908596,1.0898379970544916,0.0,1.3734732001724377,0.0,1.0898379970544925,1.4123898755418816,-0.5333333333333332,0.0,-0.04620372872196704,1.0,0.0,0.0,0.0,1.0,0.0,0.0,0.0,0.0,0.0,0.0,0.0,0.0,1.0,0.0,1.0,0.0,9.65
-1.0,0.3333333333333333,0.6915183246073306,1.235555555555555,1.3599049755840031,1.3032029370806435,1.3945641986879096,0.0,1.4999281505963493,0.0,1.3945641986879105,1.4375611802545094,0.8666666666666666,0.0,0.30829505539043506,1.0,0.0,0.0,0.0,1.0,0.0,0.0,0.0,0.0,0.0,0.0,0.0,0.0,1.0,0.0,1.0,0.0,9.57
-1.0,1.0,1.1028272251308906,1.2414814814814807,0.7517487132110328,1.2864919610077228,1.2451466059713474,0.0,1.219428078746946,0.0,1.2451466059713483,1.1064186827017195,0.06666666666666665,0.0,0.29964874358281546,1.0,0.0,0.0,0.0,1.0,0.0,0.0,0.0,0.0,0.0,0.0,0.0,0.0,1.0,0.0,1.0,0.0,9.16
-1.0,-1.0,1.509947643979058,0.5718518518518517,0.28137785403193777,1.2495252563615649,0.9297094657919392,0.0,0.9216841500215542,0.0,0.9297094657919402,0.8368060411131308,0.0,0.0,-0.04620372872196704,1.0,0.0,0.0,0.0,0.0,0.0,1.0,0.0,0.0,0.0,0.0,0.0,0.0,1.0,0.0,1.0,0.0,8.57
-1.0,-0.3333333333333333,1.2703664921465974,0.6666666666666666,0.8779200211165362,0.3263704266362828,1.3104833311018877,0.0,0.925132921396752,0.0,1.310483331101888,0.6427073136624246,1.0666666666666664,0.0,-0.04620372872196704,1.0,0.0,0.0,0.0,0.0,0.0,1.0,0.0,0.0,0.0,0.0,0.0,0.0,1.0,0.0,1.0,0.0,8.78
0.0,0.3333333333333333,1.4596858638743464,0.7318518518518515,1.1946680744357916,0.5456386884415753,1.03735439817914,0.0,1.0257220865066814,0.0,1.0373543981791409,0.9318976366941678,0.7333333333333333,0.0,0.6876519859497433,1.0,0.0,0.0,0.0,0.0,0.0,1.0,0.0,0.0,0.0,0.0,0.0,0.0,1.0,0.0,1.0,0.0,8.83
0.0,1.0,1.509947643979058,0.7614814814814815,0.22330737759007457,0.8292188884668947,0.7492301512920068,0.0,0.6773961776117253,0.0,0.7492301512920069,0.5739057474479089,0.3333333333333333,0.0,0.7195352607403405,1.0,0.0,0.0,0.0,0.0,0.0,1.0,0.0,0.0,0.0,0.0,0.0,0.0,1.0,0.0,1.0,0.0,8.76
-1.0,-1.0,-1.0517277486910988,0.1333333333333331,0.003695393955390954,0.41144448664387906,0.772258669165885,0.0,0.44747808593188637,0.0744,0.7722586691658859,0.22654174241364752,0.0,0.0,-0.04620372872196704,0.0,1.0,0.0,0.0,0.0,0.0,0.0,0.0,1.0,0.0,0.0,1.0,0.0,0.0,0.0,1.0,0.0,7.96
-1.0,-0.3333333333333333,-0.7082722513089004,0.305185185185185,0.5400554309093301,0.23876440055703277,0.23028517873878684,0.0,0.3831010202615312,0.0197,0.2302851787387867,0.41504684659488117,1.933333333333333,0.0,-0.04620372872196704,0.0,1.0,0.0,0.0,0.0,0.0,0.0,0.0,1.0,0.0,0.0,1.0,0.0,0.0,0.0,1.0,0.0,7.76
0.0,0.3333333333333333,-1.0927748691099466,0.24592592592592594,0.2718754124323605,0.4261298898594763,0.39041371000133845,0.0,0.4141399626383098,0.0809,0.39041371000133884,0.37701020836246657,-0.6666666666666666,0.0,0.7497973520670088,0.0,1.0,0.0,0.0,0.0,0.0,0.0,0.0,1.0,0.0,0.0,1.0,0.0,0.0,0.0,1.0,0.0,7.88
0.0,1.0,-0.822198952879581,0.25185185185185177,0.5880955523294169,-0.022028104823395487,0.6239121703039224,0.0,0.4428797240982897,0.0379,0.6239121703039228,0.29646203328205756,0.06666666666666665,0.0,0.6125371521210483,0.0,1.0,0.0,0.0,0.0,0.0,0.0,0.0,1.0,0.0,0.0,1.0,0.0,0.0,0.0,1.0,0.0,7.8
0.0,-1.0,0.3036649214659686,0.8029629629629632,0.761779068232809,-0.059501202683883904,0.45575043513187796,0.0,0.43138381951429755,0.0,0.4557504351318784,0.36806041113130944,0.0,0.0,-0.04620372872196704,1.0,0.0,0.0,0.0,0.0,1.0,0.0,0.0,0.0,0.0,0.0,0.0,0.0,1.0,0.0,1.0,0.0,8.63
0.0,-0.3333333333333333,1.005654450261781,0.7022222222222225,0.6741454401478152,0.5836181795163949,0.8975766501539693,0.0,0.800977151889639,0.0,0.8975766501539699,0.6768284156062087,-1.1333333333333333,0.0,-0.04620372872196704,1.0,0.0,0.0,0.0,0.0,1.0,0.0,0.0,0.0,0.0,0.0,0.0,0.0,1.0,0.0,1.0,0.0,8.51
1.0,0.3333333333333333,0.727539267015707,0.6666666666666666,0.29774317012009943,0.7714900620331689,0.7963582808943629,0.0,0.6992383963213098,0.0,0.7963582808943634,0.5811774576982234,-0.3999999999999999,0.0,0.5984868954336666,1.0,0.0,0.0,0.0,0.0,1.0,0.0,0.0,0.0,0.0,0.0,0.0,0.0,1.0,0.0,1.0,0.0,8.69
1.0,1.0,1.361675392670158,0.6903703703703699,0.17262768905899403,1.0287378149132802,0.9634489222118086,0.0,0.8107486707860323,0.0,0.963448922211809,0.6566913718361066,0.2666666666666666,0.0,0.5017562820859227,1.0,0.0,0.0,0.0,0.0,1.0,0.0,0.0,0.0,0.0,0.0,0.0,0.0,1.0,0.0,1.0,0.0,8.85
0.0,-1.0,-0.7082722513089004,-0.7614814814814815,-0.8536360036953939,-0.47626281807823795,-0.5446512250635966,2.0,-0.6704986348613303,0.0197,-0.5446512250635965,-0.7182212278003083,0.0,0.4,-0.04620372872196704,0.0,1.0,0.0,0.0,1.0,0.0,0.0,0.0,0.0,0.0,0.0,1.0,0.0,0.0,1.0,0.0,0.0,5.84
0.0,-0.3333333333333333,-1.5660732984293189,-0.9511111111111114,-0.060182130130659324,0.12735789340422846,-0.16173517204445095,1.0,-0.01695645926138822,0.1563,-0.16173517204445048,0.03579918892462517,-2.133333333333333,0.2,-0.04620372872196704,0.0,1.0,0.0,0.0,1.0,0.0,0.0,0.0,0.0,0.0,0.0,0.0,1.0,0.0,1.0,0.0,0.0,6.24
1.0,0.3333333333333333,-1.4546596858638738,-0.8325925925925928,-0.5395275174871326,0.11773642233194093,-0.13924220109787167,0.0,-0.1865210518752696,0.1385,-0.1392422010978714,-0.2231855684519653,1.3333333333333333,0.0,0.827614158335585,0.0,1.0,0.0,0.0,1.0,0.0,0.0,0.0,0.0,0.0,0.0,0.0,1.0,0.0,0.0,1.0,0.0,6.45
1.0,1.0,-1.1723560209424075,-0.74962962962963,-0.884254982182922,-0.5593113052285101,0.16387735975364778,1.0,-0.45954878574507835,0.0936,0.16387735975364828,-0.7797510837645092,0.9333333333333332,0.2,0.7973520670089165,0.0,1.0,0.0,0.0,1.0,0.0,0.0,0.0,0.0,0.0,0.0,1.0,0.0,0.0,1.0,0.0,0.0,5.88
-1.0,-1.0,-0.040628272251308856,-1.0162962962962963,-0.6313844529497163,-0.5036080516521083,-0.5023430178069359,2.0,-0.5848541457105906,0.0,-0.5023430178069356,-0.615298559642009,0.0,0.4,-0.04620372872196704,0.0,1.0,0.0,0.0,1.0,0.0,0.0,0.0,0.0,0.0,0.0,0.0,0.0,1.0,1.0,0.0,0.0,5.56
-1.0,-0.3333333333333333,0.007120418848168206,-1.1170370370370375,-0.9417975452025868,-0.8535257627547795,-0.46753246753246774,0.0,-0.8176462135364273,0.0,-0.46753246753246797,-0.9732904488882682,-1.1333333333333333,0.0,-0.04620372872196704,0.0,1.0,0.0,0.0,1.0,0.0,0.0,0.0,0.0,0.0,0.0,0.0,0.0,1.0,0.0,1.0,0.0,6.03
0.0,0.3333333333333333,0.07832460732984312,-0.9807407407407409,-0.5854559852184245,-0.8515001898974555,-0.47128129602356467,2.0,-0.6888920821957174,0.0,-0.47128129602356467,-0.783107257726193,1.5333333333333332,0.4,0.5984868954336666,0.0,1.0,0.0,0.0,1.0,0.0,0.0,0.0,0.0,0.0,0.0,0.0,0.0,1.0,1.0,0.0,0.0,5.6
0.0,1.0,1.0090052356020944,-1.0162962962962963,-0.8150983238748847,-0.6307127484491708,-0.723523898781631,1.0,-0.7791349331800542,0.0,-0.723523898781631,-0.783107257726193,-0.3999999999999999,0.2,0.48932720886246955,0.0,1.0,0.0,0.0,1.0,0.0,0.0,0.0,0.0,0.0,0.0,0.0,0.0,1.0,1.0,0.0,0.0,5.73
-1.0,-1.0,0.5943455497382198,0.4355555555555552,0.16365316088161502,-0.15875427269274622,-0.18744142455482737,0.0,-0.05316855870096259,0.0,-0.18744142455482687,-0.003356173961684603,0.0,0.0,-0.04620372872196704,1.0,0.0,0.0,0.0,0.0,1.0,0.0,0.0,0.0,0.0,0.0,0.0,0.0,1.0,0.0,1.0,0.0,7.93
-1.0,-0.3333333333333333,-0.1059685863874346,0.28740740740740706,-0.1842417843473674,-0.8408659323965063,0.026241799437675455,0.0,-0.3612588015519468,0.0,0.02624179943767582,-0.5649559502167535,-1.6666666666666665,0.0,-0.04620372872196704,1.0,0.0,0.0,0.0,0.0,1.0,0.0,0.0,0.0,0.0,0.0,0.0,0.0,1.0,0.0,1.0,0.0,7.18
0.0,0.3333333333333333,0.729214659685865,0.06222222222222195,-0.284545334565132,-0.23825800734270158,-0.37648948989155184,0.0,-0.3135507975283803,0.0,-0.37648948989155206,-0.28527478674311335,-2.5333333333333328,0.0,1.6679275871386112,1.0,0.0,0.0,0.0,0.0,1.0,0.0,0.0,0.0,0.0,0.0,0.0,0.0,1.0,0.0,1.0,0.0,7.2
0.0,1.0,0.743455497382199,-0.0029629629629629,-0.9549953807575559,0.22661096341309003,-0.11782032400589117,0.0,-0.28883460267279804,0.0,-0.11782032400589117,-0.38372255628583496,-0.7333333333333333,0.0,1.8019454201567147,1.0,0.0,0.0,0.0,0.0,1.0,0.0,0.0,0.0,0.0,0.0,0.0,0.0,1.0,0.0,1.0,0.0,6.99
-1.0,-1.0,0.06827225130890152,0.2814814814814813,-0.3658440015837404,-0.001265983035827608,-0.3261480787253985,0.0,-0.23537864635723507,0.0,-0.3261480787253988,-0.1968955390854432,0.0,0.0,-0.04620372872196704,0.0,1.0,0.0,0.0,0.0,0.0,0.0,0.0,0.0,0.0,1.0,0.0,0.0,1.0,0.0,1.0,0.0,7.76
-1.0,-0.3333333333333333,0.3003141361256551,0.18666666666666637,0.09660815626237208,0.03975186732497768,0.42040433793011084,0.0,0.2146860181060496,0.0,0.4204043379301114,0.07047965319535679,-1.0666666666666664,0.0,-0.04620372872196704,0.0,1.0,0.0,0.0,0.0,0.0,0.0,0.0,0.0,0.0,1.0,0.0,0.0,1.0,0.0,1.0,0.0,7.78
0.0,0.3333333333333333,-0.4611518324607326,0.19259259259259218,0.06757291804144049,0.560830484871503,-0.32293479716160134,0.0,0.13536427647650542,0.0,-0.32293479716160156,0.3428891064186825,0.06666666666666665,0.0,0.43798973250472845,0.0,1.0,0.0,0.0,0.0,0.0,0.0,0.0,0.0,0.0,1.0,0.0,0.0,1.0,0.0,1.0,0.0,7.61
0.0,1.0,0.0640837696335079,0.16296296296296264,-0.09502441599577724,-0.37447778199772114,0.2490293211942692,0.0,-0.0727115964937491,0.0,0.24902932119426968,-0.2595441197035388,-0.3333333333333333,0.0,0.4277222372331802,0.0,1.0,0.0,0.0,0.0,0.0,0.0,0.0,0.0,0.0,1.0,0.0,0.0,1.0,0.0,1.0,0.0,8.03
-1.0,-1.0,-1.8869109947643972,-0.9866666666666667,-1.5462584136201658,-1.1148246613495383,-0.9050743071361631,4.0,-1.2924270728552947,0.2073,-0.9050743071361634,-1.4375611802545105,0.0,0.8,-0.04620372872196704,0.0,0.0,1.0,0.0,1.0,0.0,0.0,0.0,0.0,0.0,0.0,0.0,1.0,0.0,0.0,0.0,1.0,4.91
-1.0,-0.3333333333333333,-1.4353926701570674,-1.5022222222222223,-1.2648805595882273,-1.4525889353082673,-0.7106707725264432,0.0,-1.2487426354361253,0.1355,-0.7106707725264432,-1.4750384561599785,-5.799999999999999,0.0,-0.04620372872196704,0.0,0.0,1.0,0.0,1.0,0.0,0.0,0.0,0.0,0.0,0.0,0.0,1.0,0.0,0.0,1.0,0.0,4.87
0.0,0.3333333333333333,-1.3608376963350777,-1.5140740740740743,-1.3519862742510225,-0.7284466388150399,-0.857946177533807,1.0,-1.0590602098002584,0.1236,-0.8579461775338069,-1.1209621032023502,-0.1333333333333333,0.2,2.7000810591731965,0.0,0.0,1.0,0.0,1.0,0.0,0.0,0.0,0.0,0.0,0.0,1.0,0.0,0.0,1.0,0.0,0.0,4.89
0.0,1.0,-2.314973821989528,-1.5140740740740743,-1.4438432097136067,-1.152297759210027,-1.0191458026509577,0.0,-1.3102457249604824,0.2755,-1.0191458026509579,-1.4039994406376737,0.0,0.0,2.3412591191569847,0.0,0.0,1.0,0.0,1.0,0.0,0.0,0.0,0.0,0.0,0.0,0.0,1.0,0.0,0.0,1.0,0.0,4.87
-2.0,-1.0,-0.8012565445026176,-0.44740740740740736,-0.8488847828956053,-1.0236738827699714,-0.68175123845227,0.0,-0.925132921396752,0.0345,-0.6817512384522701,-1.0180394350440505,0.0,0.0,-0.04620372872196704,1.0,0.0,0.0,0.0,0.0,0.0,0.0,1.0,0.0,0.0,0.0,1.0,0.0,0.0,0.0,1.0,0.0,6.19
-2.0,-0.3333333333333333,0.45780104712041914,-0.7437037037037036,-0.32308301438564085,-0.6084314470186102,-0.5425090373543987,0.0,-0.5273746227906304,0.0,-0.5425090373543987,-0.5101384421759197,-3.333333333333333,0.0,-0.04620372872196704,1.0,0.0,0.0,0.0,0.0,0.0,0.0,1.0,0.0,0.0,0.0,0.0,0.0,1.0,0.0,1.0,0.0,6.52
-1.0,0.3333333333333333,-0.2659685863874343,-0.642962962962963,-0.8985086445822886,-0.5912140777313584,-0.5864238853929581,0.0,-0.7452220146572782,0.0,-0.5864238853929581,-0.8054817508040841,1.1333333333333333,0.0,1.3274790597135908,1.0,0.0,0.0,0.0,0.0,0.0,0.0,1.0,0.0,0.0,0.0,0.0,0.0,1.0,0.0,1.0,0.0,6.29
-1.0,1.0,-0.4142408376963345,-0.6607407407407409,-0.8341032070740401,-0.580073427016078,-0.8375953942964257,1.0,-0.8072998994108346,0.0,-0.8375953942964255,-0.76520766326388,-0.19999999999999996,0.2,1.0978114023236962,1.0,0.0,0.0,0.0,0.0,0.0,0.0,1.0,0.0,0.0,0.0,0.0,0.0,1.0,1.0,0.0,0.0,6.33
0.0,-1.0,-1.6565445026178003,-1.1229629629629632,-0.25181470238880865,0.055956450183567756,0.1590574374079528,3.0,0.0008621928437994288,0.1707,0.15905743740795267,-0.1051601174660892,0.0,0.6,-0.04620372872196704,1.0,0.0,0.0,0.0,0.0,0.0,0.0,1.0,0.0,0.0,0.0,0.0,1.0,0.0,0.0,0.0,1.0,5.47
0.0,-0.3333333333333333,-0.8825130890052353,-1.1703703703703707,-0.18582552461396376,-0.2929484744904417,-0.47556567144196066,0.0,-0.33424342577956573,0.0475,-0.47556567144196027,-0.26290029366522266,-0.5333333333333332,0.0,-0.04620372872196704,1.0,0.0,0.0,0.0,0.0,0.0,0.0,1.0,0.0,0.0,0.0,1.0,0.0,0.0,0.0,1.0,0.0,6.08
1.0,0.3333333333333333,-1.7503664921465965,-0.9866666666666667,-0.10452685759535452,-0.2701607798455498,-0.5087695809345302,0.0,-0.3078028452363846,0.1856,-0.5087695809345301,-0.2069640609704946,2.0666666666666664,0.0,0.8232910024317751,1.0,0.0,0.0,0.0,0.0,0.0,0.0,1.0,0.0,0.0,0.0,0.0,1.0,0.0,0.0,1.0,0.0,6.6
1.0,1.0,-0.9830366492146596,-0.826666666666667,-0.4022700277154547,0.3400430434232184,-0.6721113937608789,1.0,-0.24342577956602945,0.0635,-0.6721113937608789,-0.027968116347364805,1.7999999999999998,0.2,1.3620643069440692,1.0,0.0,0.0,0.0,0.0,0.0,0.0,1.0,0.0,0.0,0.0,1.0,0.0,0.0,1.0,0.0,0.0,6.02
0.0,-1.0,-0.3924607329842922,0.411851851851852,0.136201662927279,-0.12128117483225707,-0.30686838934261634,0.0,-0.09167983905733572,0.0,-0.3068683893426164,0.0022374493077886755,0.0,0.0,-0.04620372872196704,1.0,0.0,0.0,0.0,0.0,0.0,0.0,1.0,0.0,0.0,0.0,0.0,0.0,1.0,0.0,1.0,0.0,8.21
0.0,-0.3333333333333333,-0.24753926701570667,0.45333333333333364,-0.10769433812854719,-0.6666666666666667,-0.6255188110858217,0.0,-0.5009340422474493,0.0,-0.6255188110858217,-0.42791218011466964,0.4666666666666666,0.0,-0.04620372872196704,1.0,0.0,0.0,0.0,0.0,0.0,0.0,1.0,0.0,0.0,0.0,0.0,0.0,1.0,0.0,1.0,0.0,7.58
1.0,0.3333333333333333,-0.49382198952879547,0.26962962962962966,-0.4830407813118649,-0.23521964805671589,0.14459767037086566,0.0,-0.19801695645926173,0.0,0.14459767037086585,-0.3881974549014131,-2.0666666666666664,0.0,0.8324777087273709,1.0,0.0,0.0,0.0,0.0,0.0,0.0,1.0,0.0,0.0,0.0,0.0,0.0,1.0,0.0,1.0,0.0,7.72
1.0,1.0,-0.9218848167539263,0.23407407407407382,-0.32308301438564085,-0.5218382073680213,-0.3845226938010447,0.0,-0.4377065670354931,0.0537,-0.3845226938010449,-0.46203328205845373,-0.3999999999999999,0.0,0.92704674412321,1.0,0.0,0.0,0.0,0.0,0.0,0.0,1.0,0.0,0.0,0.0,1.0,0.0,0.0,0.0,1.0,0.0,7.27
-2.0,-1.0,-1.2460732984293195,-1.1940740740740745,-1.385772733271743,-1.2900367135080393,-1.576650153969742,1.0,-1.5407386118695208,0.1053,-1.5766501539697426,-1.4493077891204036,0.0,0.2,-0.04620372872196704,0.0,1.0,0.0,0.0,0.0,0.0,0.0,0.0,0.0,1.0,0.0,1.0,0.0,0.0,1.0,0.0,0.0,4.74
-2.0,-0.3333333333333333,-1.8709947643979052,-1.602962962962963,-1.121288108750165,-2.0136726167869354,-0.9837997054491903,3.0,-1.5062508981175449,0.2048,-0.9837997054491908,-1.7088519088239416,-4.599999999999999,0.6,-0.04620372872196704,0.0,1.0,0.0,0.0,0.0,0.0,0.0,0.0,0.0,1.0,0.0,0.0,1.0,0.0,0.0,0.0,1.0,4.31
-1.0,0.3333333333333333,-1.7679581151832457,-1.7274074074074075,-2.326514451629932,-1.5518420053171293,-1.3099477841745888,1.0,-1.8856157493892791,0.1884,-1.309947784174589,-2.0925744651097755,-1.3999999999999997,0.2,2.4985139151580653,0.0,1.0,0.0,0.0,0.0,0.0,0.0,0.0,0.0,1.0,0.0,0.0,1.0,0.0,1.0,0.0,0.0,3.94
-1.0,1.0,-2.064502617801047,-1.845925925925926,-1.088557476573842,-1.3082668692239527,-1.5402329629133755,0.0,-1.4269291564880007,0.2356,-1.540232962913376,-1.3021954971332688,-1.3333333333333333,0.0,2.540124290732235,0.0,1.0,0.0,0.0,0.0,0.0,0.0,0.0,0.0,1.0,0.0,0.0,1.0,0.0,0.0,1.0,0.0,4.23
0.0,-1.0,-0.46282722513088936,-0.13333333333333364,0.20430249439091927,0.4104317002152174,0.13656446646137352,1.0,0.2928581692771948,0.0,0.13656446646137357,0.3322612222066835,0.0,0.2,-0.04620372872196704,1.0,0.0,0.0,0.0,1.0,0.0,0.0,0.0,0.0,0.0,0.0,0.0,0.0,1.0,1.0,0.0,0.0,7.33
0.0,-0.3333333333333333,0.32879581151832554,-0.06814814814814828,0.5405833443315291,0.25496898341562213,0.23135627259338565,0.0,0.38999856301192665,0.0,0.23135627259338618,0.42455600615298505,0.7333333333333333,0.0,-0.04620372872196704,1.0,0.0,0.0,0.0,1.0,0.0,0.0,0.0,0.0,0.0,0.0,0.0,0.0,1.0,0.0,1.0,0.0,7.54
1.0,0.3333333333333333,0.11015706806282823,-0.0029629629629629,0.09449650257357746,0.2934548677047729,0.29401526308742776,0.0,0.2646932030464148,0.0,0.29401526308742787,0.2092015102782825,0.7333333333333333,0.0,0.5482302080518778,1.0,0.0,0.0,0.0,1.0,0.0,0.0,0.0,0.0,0.0,0.0,0.0,0.0,1.0,0.0,1.0,0.0,7.51
1.0,1.0,-0.7124607329842928,0.0088888888888887,0.40596542167084565,0.2716799594885427,0.4139777748025165,0.0,0.41241557695071096,0.0204,0.41397777480251685,0.362466787861837,0.1333333333333333,0.0,0.5530937584436639,1.0,0.0,0.0,0.0,1.0,0.0,0.0,0.0,0.0,0.0,0.0,1.0,0.0,0.0,0.0,1.0,0.0,7.62
-1.0,-1.0,-0.3346596858638735,0.4355555555555552,0.17104394879239768,0.5334852512976326,0.8097469540768505,0.0,0.5681850840638023,0.0,0.8097469540768514,0.382603831631939,0.0,0.0,-0.04620372872196704,0.0,1.0,0.0,0.0,0.0,0.0,1.0,0.0,0.0,0.0,0.0,0.0,0.0,1.0,0.0,1.0,0.0,7.84
-1.0,-0.3333333333333333,-0.39832460732984254,0.23407407407407382,-0.38960010558268476,0.08887200911507764,0.9034676663542638,0.0,0.22963069406523942,0.0,0.9034676663542645,-0.1599776255069229,-2.2666666666666666,0.0,-0.04620372872196704,0.0,1.0,0.0,0.0,0.0,0.0,1.0,0.0,0.0,0.0,0.0,0.0,0.0,1.0,0.0,1.0,0.0,7.76
0.0,0.3333333333333333,-1.0324607329842923,0.2103703703703701,0.3141084862082611,0.9887327509811373,-0.023028517873879065,0.0,0.49403649949705386,0.0713,-0.023028517873879144,0.7098307928960976,-0.2666666666666666,0.0,1.082139962172386,0.0,1.0,0.0,0.0,0.0,0.0,1.0,0.0,0.0,0.0,0.0,1.0,0.0,0.0,0.0,1.0,0.0,7.73
0.0,1.0,-0.21068062827225137,0.1985185185185185,0.9423254586247848,0.3071274844917078,0.13549337260677397,0.0,0.5210518752694349,0.0,0.13549337260677466,0.6662005313942096,-0.1333333333333333,0.0,0.9713590921372602,0.0,1.0,0.0,0.0,0.0,0.0,1.0,0.0,0.0,0.0,0.0,0.0,0.0,1.0,0.0,1.0,0.0,8.38
-2.0,-1.0,0.17884816753926744,0.7081481481481483,0.2576217500329942,0.8271933156095708,1.3945641986879096,0.0,0.9199597643339553,0.0,1.3945641986879105,0.5906866172563272,0.0,0.0,-0.04620372872196704,1.0,0.0,0.0,0.0,0.0,0.0,1.0,0.0,0.0,0.0,0.0,0.0,0.0,1.0,0.0,1.0,0.0,8.45
-2.0,-0.3333333333333333,0.3698429319371733,0.595555555555555,0.9639699089349337,0.7664261298898599,0.7422680412371127,0.0,0.9199597643339553,0.0,0.7422680412371134,0.931338274367221,-1.2666666666666664,0.0,-0.04620372872196704,1.0,0.0,0.0,0.0,0.0,0.0,1.0,0.0,0.0,0.0,0.0,0.0,0.0,1.0,0.0,1.0,0.0,8.4
-1.0,0.3333333333333333,0.4812565445026182,0.5837037037037034,0.5289692490431565,0.07064185339916426,1.092515731690989,0.0,0.6239402212961632,0.0,1.0925157316909897,0.3165990770521596,-0.1333333333333333,0.0,0.580113482842475,1.0,0.0,0.0,0.0,0.0,0.0,1.0,0.0,0.0,0.0,0.0,0.0,0.0,1.0,0.0,1.0,0.0,8.68
-1.0,1.0,0.4435602094240839,0.6311111111111108,0.8483568694734056,1.0692492720597544,0.8327754719507295,0.0,1.0245724960482825,0.0,0.8327754719507299,1.037057754160257,0.5333333333333332,0.0,0.4650094569035396,1.0,0.0,0.0,0.0,0.0,0.0,1.0,0.0,0.0,0.0,0.0,0.0,0.0,1.0,0.0,1.0,0.0,8.95
